=====Training script for SEAL in ALL
=====Train Params: ['neck.blocks.0.attn.rel_pos_h', 'neck.blocks.0.attn.rel_pos_w', 'neck.blocks.0.attn.qkv.weight', 'neck.blocks.0.attn.qkv.bias', 'neck.blocks.0.attn.proj.weight', 'neck.blocks.0.attn.proj.bias', 'neck.blocks.0.cross_attn.in_proj_weight', 'neck.blocks.0.cross_attn.in_proj_bias', 'neck.blocks.0.cross_attn.out_proj.weight', 'neck.blocks.0.cross_attn.out_proj.bias', 'neck.blocks.0.mlp.lin1.weight', 'neck.blocks.0.mlp.lin1.bias', 'neck.blocks.0.mlp.lin2.weight', 'neck.blocks.0.mlp.lin2.bias', 'neck.blocks.0.norm1.weight', 'neck.blocks.0.norm1.bias', 'neck.blocks.0.norm2.weight', 'neck.blocks.0.norm2.bias', 'neck.blocks.1.attn.rel_pos_h', 'neck.blocks.1.attn.rel_pos_w', 'neck.blocks.1.attn.qkv.weight', 'neck.blocks.1.attn.qkv.bias', 'neck.blocks.1.attn.proj.weight', 'neck.blocks.1.attn.proj.bias', 'neck.blocks.1.cross_attn.in_proj_weight', 'neck.blocks.1.cross_attn.in_proj_bias', 'neck.blocks.1.cross_attn.out_proj.weight', 'neck.blocks.1.cross_attn.out_proj.bias', 'neck.blocks.1.mlp.lin1.weight', 'neck.blocks.1.mlp.lin1.bias', 'neck.blocks.1.mlp.lin2.weight', 'neck.blocks.1.mlp.lin2.bias', 'neck.blocks.1.norm1.weight', 'neck.blocks.1.norm1.bias', 'neck.blocks.1.norm2.weight', 'neck.blocks.1.norm2.bias', 'neck.blocks.2.attn.rel_pos_h', 'neck.blocks.2.attn.rel_pos_w', 'neck.blocks.2.attn.qkv.weight', 'neck.blocks.2.attn.qkv.bias', 'neck.blocks.2.attn.proj.weight', 'neck.blocks.2.attn.proj.bias', 'neck.blocks.2.cross_attn.in_proj_weight', 'neck.blocks.2.cross_attn.in_proj_bias', 'neck.blocks.2.cross_attn.out_proj.weight', 'neck.blocks.2.cross_attn.out_proj.bias', 'neck.blocks.2.mlp.lin1.weight', 'neck.blocks.2.mlp.lin1.bias', 'neck.blocks.2.mlp.lin2.weight', 'neck.blocks.2.mlp.lin2.bias', 'neck.blocks.2.norm1.weight', 'neck.blocks.2.norm1.bias', 'neck.blocks.2.norm2.weight', 'neck.blocks.2.norm2.bias', 'neck.blocks.3.attn.rel_pos_h', 'neck.blocks.3.attn.rel_pos_w', 'neck.blocks.3.attn.qkv.weight', 'neck.blocks.3.attn.qkv.bias', 'neck.blocks.3.attn.proj.weight', 'neck.blocks.3.attn.proj.bias', 'neck.blocks.3.cross_attn.in_proj_weight', 'neck.blocks.3.cross_attn.in_proj_bias', 'neck.blocks.3.cross_attn.out_proj.weight', 'neck.blocks.3.cross_attn.out_proj.bias', 'neck.blocks.3.mlp.lin1.weight', 'neck.blocks.3.mlp.lin1.bias', 'neck.blocks.3.mlp.lin2.weight', 'neck.blocks.3.mlp.lin2.bias', 'neck.blocks.3.norm1.weight', 'neck.blocks.3.norm1.bias', 'neck.blocks.3.norm2.weight', 'neck.blocks.3.norm2.bias', 'neck.blocks.4.attn.rel_pos_h', 'neck.blocks.4.attn.rel_pos_w', 'neck.blocks.4.attn.qkv.weight', 'neck.blocks.4.attn.qkv.bias', 'neck.blocks.4.attn.proj.weight', 'neck.blocks.4.attn.proj.bias', 'neck.blocks.4.cross_attn.in_proj_weight', 'neck.blocks.4.cross_attn.in_proj_bias', 'neck.blocks.4.cross_attn.out_proj.weight', 'neck.blocks.4.cross_attn.out_proj.bias', 'neck.blocks.4.mlp.lin1.weight', 'neck.blocks.4.mlp.lin1.bias', 'neck.blocks.4.mlp.lin2.weight', 'neck.blocks.4.mlp.lin2.bias', 'neck.blocks.4.norm1.weight', 'neck.blocks.4.norm1.bias', 'neck.blocks.4.norm2.weight', 'neck.blocks.4.norm2.bias', 'neck.blocks.5.attn.rel_pos_h', 'neck.blocks.5.attn.rel_pos_w', 'neck.blocks.5.attn.qkv.weight', 'neck.blocks.5.attn.qkv.bias', 'neck.blocks.5.attn.proj.weight', 'neck.blocks.5.attn.proj.bias', 'neck.blocks.5.cross_attn.in_proj_weight', 'neck.blocks.5.cross_attn.in_proj_bias', 'neck.blocks.5.cross_attn.out_proj.weight', 'neck.blocks.5.cross_attn.out_proj.bias', 'neck.blocks.5.mlp.lin1.weight', 'neck.blocks.5.mlp.lin1.bias', 'neck.blocks.5.mlp.lin2.weight', 'neck.blocks.5.mlp.lin2.bias', 'neck.blocks.5.norm1.weight', 'neck.blocks.5.norm1.bias', 'neck.blocks.5.norm2.weight', 'neck.blocks.5.norm2.bias', 'neck.in_proj.weight', 'neck.in_proj.bias', 'neck.in_proj_fusion.weight', 'neck.in_proj_fusion.bias', 'in_proj.weight', 'in_proj.bias', 'fuse.cross_attn.in_proj_weight', 'fuse.cross_attn.in_proj_bias', 'fuse.cross_attn.out_proj.weight', 'fuse.cross_attn.out_proj.bias', 'fuse.mlp.lin1.weight', 'fuse.mlp.lin1.bias', 'fuse.mlp.lin2.weight', 'fuse.mlp.lin2.bias', 'fuse.norm1.weight', 'fuse.norm1.bias', 'fuse.norm2.weight', 'fuse.norm2.bias', 'out_proj.weight', 'out_proj.bias']
=====epoch 0
iteration: 10 loss: 36.99325675964356 loss_l: 12.167633819580079 loss_m: 12.317626857757569 loss_s: 12.507997131347656
iteration: 20 loss: 26.782422637939455 loss_l: 8.813311100006104 loss_m: 8.879304790496827 loss_s: 9.089807033538818
iteration: 30 loss: 23.018886375427247 loss_l: 7.590597820281983 loss_m: 7.638463068008423 loss_s: 7.789825344085694
iteration: 40 loss: 21.834552001953124 loss_l: 7.20296950340271 loss_m: 7.249825429916382 loss_s: 7.38175687789917
iteration: 50 loss: 21.60232009887695 loss_l: 7.119664430618286 loss_m: 7.180850696563721 loss_s: 7.301805019378662
iteration: 60 loss: 20.982225036621095 loss_l: 6.898932981491089 loss_m: 6.991015911102295 loss_s: 7.092276096343994
iteration: 70 loss: 20.58298969268799 loss_l: 6.7795703411102295 loss_m: 6.852687835693359 loss_s: 6.950731468200684
iteration: 80 loss: 20.07996368408203 loss_l: 6.571042442321778 loss_m: 6.687233591079712 loss_s: 6.8216877460479735
iteration: 90 loss: 19.76898307800293 loss_l: 6.487270784378052 loss_m: 6.593524980545044 loss_s: 6.688187122344971
iteration: 100 loss: 19.591627502441405 loss_l: 6.435877895355224 loss_m: 6.558849906921386 loss_s: 6.596899318695068
iteration: 110 loss: 19.451884841918947 loss_l: 6.372040891647339 loss_m: 6.5091430187225345 loss_s: 6.57070107460022
iteration: 120 loss: 19.234695816040038 loss_l: 6.320595073699951 loss_m: 6.436480712890625 loss_s: 6.477620077133179
iteration: 130 loss: 19.21346778869629 loss_l: 6.275308847427368 loss_m: 6.460165643692017 loss_s: 6.47799334526062
iteration: 140 loss: 18.803741645812988 loss_l: 6.121192073822021 loss_m: 6.314276933670044 loss_s: 6.368272495269776
iteration: 150 loss: 18.746224784851073 loss_l: 6.128598165512085 loss_m: 6.281671810150146 loss_s: 6.335954666137695
iteration: 160 loss: 18.800026512145998 loss_l: 6.147200632095337 loss_m: 6.282186222076416 loss_s: 6.370639801025391
iteration: 170 loss: 18.910939598083495 loss_l: 6.2074644565582275 loss_m: 6.34291672706604 loss_s: 6.36055850982666
iteration: 180 loss: 18.627941513061522 loss_l: 6.087933206558228 loss_m: 6.2496950149536135 loss_s: 6.2903131484985355
iteration: 190 loss: 18.31842155456543 loss_l: 5.982728338241577 loss_m: 6.146245050430298 loss_s: 6.189448118209839
iteration: 200 loss: 18.456089591979982 loss_l: 6.04758996963501 loss_m: 6.1669593334198 loss_s: 6.241540193557739
iteration: 210 loss: 18.411737632751464 loss_l: 6.048337697982788 loss_m: 6.14361538887024 loss_s: 6.2197846412658695
iteration: 220 loss: 18.295548248291016 loss_l: 5.981120681762695 loss_m: 6.1648736000061035 loss_s: 6.149553680419922
iteration: 230 loss: 18.48353271484375 loss_l: 6.019358968734741 loss_m: 6.2179662704467775 loss_s: 6.2462073802948
iteration: 240 loss: 18.682001876831055 loss_l: 6.107463264465332 loss_m: 6.261151504516602 loss_s: 6.313387012481689
iteration: 250 loss: 18.286960792541503 loss_l: 5.953126621246338 loss_m: 6.1331971168518065 loss_s: 6.200636959075927
iteration: 260 loss: 17.990804290771486 loss_l: 5.8586427688598635 loss_m: 6.042694044113159 loss_s: 6.0894676685333256
iteration: 270 loss: 17.89343395233154 loss_l: 5.8112153053283695 loss_m: 5.997466325759888 loss_s: 6.0847522735595705
iteration: 280 loss: 17.978428840637207 loss_l: 5.854888820648194 loss_m: 6.026792573928833 loss_s: 6.096747398376465
iteration: 290 loss: 17.955627632141113 loss_l: 5.865832567214966 loss_m: 6.025064420700073 loss_s: 6.064730501174926
iteration: 300 loss: 18.11127986907959 loss_l: 5.89788327217102 loss_m: 6.085541105270385 loss_s: 6.12785587310791
iteration: 310 loss: 17.793642425537108 loss_l: 5.817232942581176 loss_m: 5.97215633392334 loss_s: 6.0042530536651615
iteration: 320 loss: 18.061886405944826 loss_l: 5.884559249877929 loss_m: 6.067383623123169 loss_s: 6.109943675994873
iteration: 330 loss: 17.543901252746583 loss_l: 5.676267480850219 loss_m: 5.902794551849365 loss_s: 5.964839792251587
iteration: 340 loss: 17.87485580444336 loss_l: 5.817666625976562 loss_m: 5.989541006088257 loss_s: 6.067647695541382
iteration: 350 loss: 17.876823043823244 loss_l: 5.811775827407837 loss_m: 5.988538837432861 loss_s: 6.076508188247681
iteration: 360 loss: 18.09285125732422 loss_l: 5.941908502578736 loss_m: 6.033448266983032 loss_s: 6.117494249343872
iteration: 370 loss: 17.981951332092287 loss_l: 5.877671146392823 loss_m: 6.020736885070801 loss_s: 6.083543109893799
iteration: 380 loss: 17.75189838409424 loss_l: 5.786147356033325 loss_m: 5.943616914749145 loss_s: 6.022133827209473
iteration: 390 loss: 17.696807289123534 loss_l: 5.736984729766846 loss_m: 5.964665222167969 loss_s: 5.995157194137573
iteration: 400 loss: 17.495660972595214 loss_l: 5.661166572570801 loss_m: 5.885354900360108 loss_s: 5.949139070510864
iteration: 410 loss: 17.654225540161132 loss_l: 5.754952621459961 loss_m: 5.904610538482666 loss_s: 5.994662284851074
iteration: 420 loss: 17.567378425598143 loss_l: 5.722626495361328 loss_m: 5.899274778366089 loss_s: 5.945477294921875
iteration: 430 loss: 17.287627601623534 loss_l: 5.606794452667236 loss_m: 5.82529091835022 loss_s: 5.855542182922363
iteration: 440 loss: 17.83618335723877 loss_l: 5.843331670761108 loss_m: 5.984526681900024 loss_s: 6.0083253383636475
iteration: 450 loss: 17.761487579345705 loss_l: 5.825725507736206 loss_m: 5.962136125564575 loss_s: 5.9736264705657955
iteration: 460 loss: 17.797719764709473 loss_l: 5.81817946434021 loss_m: 5.9702293395996096 loss_s: 6.009311294555664
iteration: 470 loss: 17.301755332946776 loss_l: 5.602880620956421 loss_m: 5.815028333663941 loss_s: 5.883846998214722
iteration: 480 loss: 17.73868007659912 loss_l: 5.7835164070129395 loss_m: 5.950355863571167 loss_s: 6.004807424545288
iteration: 490 loss: 17.725017738342284 loss_l: 5.805763149261475 loss_m: 5.931310796737671 loss_s: 5.987943506240844
iteration: 500 loss: 17.666070175170898 loss_l: 5.769242477416992 loss_m: 5.935461139678955 loss_s: 5.961366415023804
iteration: 510 loss: 17.609168434143065 loss_l: 5.729967975616455 loss_m: 5.9224762439727785 loss_s: 5.956724405288696
iteration: 520 loss: 17.612983894348144 loss_l: 5.70940318107605 loss_m: 5.9086501121521 loss_s: 5.994930553436279
iteration: 530 loss: 17.403750038146974 loss_l: 5.66528434753418 loss_m: 5.865409326553345 loss_s: 5.873056507110595
iteration: 540 loss: 17.52107105255127 loss_l: 5.704180431365967 loss_m: 5.886018180847168 loss_s: 5.930872440338135
iteration: 550 loss: 17.445664978027345 loss_l: 5.707990932464599 loss_m: 5.856879568099975 loss_s: 5.8807945728302
iteration: 560 loss: 17.30091075897217 loss_l: 5.656905889511108 loss_m: 5.80182991027832 loss_s: 5.842175102233886
iteration: 570 loss: 17.443225288391112 loss_l: 5.679007816314697 loss_m: 5.858952236175537 loss_s: 5.905265235900879
iteration: 580 loss: 17.38543758392334 loss_l: 5.648933839797974 loss_m: 5.837778091430664 loss_s: 5.898725414276123
=====Training script for SEAL in ALL
=====Train Params: ['neck.blocks.0.attn.rel_pos_h', 'neck.blocks.0.attn.rel_pos_w', 'neck.blocks.0.attn.qkv.weight', 'neck.blocks.0.attn.qkv.bias', 'neck.blocks.0.attn.proj.weight', 'neck.blocks.0.attn.proj.bias', 'neck.blocks.0.cross_attn.in_proj_weight', 'neck.blocks.0.cross_attn.in_proj_bias', 'neck.blocks.0.cross_attn.out_proj.weight', 'neck.blocks.0.cross_attn.out_proj.bias', 'neck.blocks.0.mlp.lin1.weight', 'neck.blocks.0.mlp.lin1.bias', 'neck.blocks.0.mlp.lin2.weight', 'neck.blocks.0.mlp.lin2.bias', 'neck.blocks.0.norm1.weight', 'neck.blocks.0.norm1.bias', 'neck.blocks.0.norm2.weight', 'neck.blocks.0.norm2.bias', 'neck.blocks.1.attn.rel_pos_h', 'neck.blocks.1.attn.rel_pos_w', 'neck.blocks.1.attn.qkv.weight', 'neck.blocks.1.attn.qkv.bias', 'neck.blocks.1.attn.proj.weight', 'neck.blocks.1.attn.proj.bias', 'neck.blocks.1.cross_attn.in_proj_weight', 'neck.blocks.1.cross_attn.in_proj_bias', 'neck.blocks.1.cross_attn.out_proj.weight', 'neck.blocks.1.cross_attn.out_proj.bias', 'neck.blocks.1.mlp.lin1.weight', 'neck.blocks.1.mlp.lin1.bias', 'neck.blocks.1.mlp.lin2.weight', 'neck.blocks.1.mlp.lin2.bias', 'neck.blocks.1.norm1.weight', 'neck.blocks.1.norm1.bias', 'neck.blocks.1.norm2.weight', 'neck.blocks.1.norm2.bias', 'neck.blocks.2.attn.rel_pos_h', 'neck.blocks.2.attn.rel_pos_w', 'neck.blocks.2.attn.qkv.weight', 'neck.blocks.2.attn.qkv.bias', 'neck.blocks.2.attn.proj.weight', 'neck.blocks.2.attn.proj.bias', 'neck.blocks.2.cross_attn.in_proj_weight', 'neck.blocks.2.cross_attn.in_proj_bias', 'neck.blocks.2.cross_attn.out_proj.weight', 'neck.blocks.2.cross_attn.out_proj.bias', 'neck.blocks.2.mlp.lin1.weight', 'neck.blocks.2.mlp.lin1.bias', 'neck.blocks.2.mlp.lin2.weight', 'neck.blocks.2.mlp.lin2.bias', 'neck.blocks.2.norm1.weight', 'neck.blocks.2.norm1.bias', 'neck.blocks.2.norm2.weight', 'neck.blocks.2.norm2.bias', 'neck.blocks.3.attn.rel_pos_h', 'neck.blocks.3.attn.rel_pos_w', 'neck.blocks.3.attn.qkv.weight', 'neck.blocks.3.attn.qkv.bias', 'neck.blocks.3.attn.proj.weight', 'neck.blocks.3.attn.proj.bias', 'neck.blocks.3.cross_attn.in_proj_weight', 'neck.blocks.3.cross_attn.in_proj_bias', 'neck.blocks.3.cross_attn.out_proj.weight', 'neck.blocks.3.cross_attn.out_proj.bias', 'neck.blocks.3.mlp.lin1.weight', 'neck.blocks.3.mlp.lin1.bias', 'neck.blocks.3.mlp.lin2.weight', 'neck.blocks.3.mlp.lin2.bias', 'neck.blocks.3.norm1.weight', 'neck.blocks.3.norm1.bias', 'neck.blocks.3.norm2.weight', 'neck.blocks.3.norm2.bias', 'neck.blocks.4.attn.rel_pos_h', 'neck.blocks.4.attn.rel_pos_w', 'neck.blocks.4.attn.qkv.weight', 'neck.blocks.4.attn.qkv.bias', 'neck.blocks.4.attn.proj.weight', 'neck.blocks.4.attn.proj.bias', 'neck.blocks.4.cross_attn.in_proj_weight', 'neck.blocks.4.cross_attn.in_proj_bias', 'neck.blocks.4.cross_attn.out_proj.weight', 'neck.blocks.4.cross_attn.out_proj.bias', 'neck.blocks.4.mlp.lin1.weight', 'neck.blocks.4.mlp.lin1.bias', 'neck.blocks.4.mlp.lin2.weight', 'neck.blocks.4.mlp.lin2.bias', 'neck.blocks.4.norm1.weight', 'neck.blocks.4.norm1.bias', 'neck.blocks.4.norm2.weight', 'neck.blocks.4.norm2.bias', 'neck.blocks.5.attn.rel_pos_h', 'neck.blocks.5.attn.rel_pos_w', 'neck.blocks.5.attn.qkv.weight', 'neck.blocks.5.attn.qkv.bias', 'neck.blocks.5.attn.proj.weight', 'neck.blocks.5.attn.proj.bias', 'neck.blocks.5.cross_attn.in_proj_weight', 'neck.blocks.5.cross_attn.in_proj_bias', 'neck.blocks.5.cross_attn.out_proj.weight', 'neck.blocks.5.cross_attn.out_proj.bias', 'neck.blocks.5.mlp.lin1.weight', 'neck.blocks.5.mlp.lin1.bias', 'neck.blocks.5.mlp.lin2.weight', 'neck.blocks.5.mlp.lin2.bias', 'neck.blocks.5.norm1.weight', 'neck.blocks.5.norm1.bias', 'neck.blocks.5.norm2.weight', 'neck.blocks.5.norm2.bias', 'neck.in_proj.weight', 'neck.in_proj.bias', 'neck.in_proj_fusion.weight', 'neck.in_proj_fusion.bias', 'in_proj.weight', 'in_proj.bias', 'fuse.cross_attn.in_proj_weight', 'fuse.cross_attn.in_proj_bias', 'fuse.cross_attn.out_proj.weight', 'fuse.cross_attn.out_proj.bias', 'fuse.mlp.lin1.weight', 'fuse.mlp.lin1.bias', 'fuse.mlp.lin2.weight', 'fuse.mlp.lin2.bias', 'fuse.norm1.weight', 'fuse.norm1.bias', 'fuse.norm2.weight', 'fuse.norm2.bias', 'out_proj.weight', 'out_proj.bias']
=====epoch 0
iteration: 590 loss: 17.488883590698244 loss_l: 5.687787961959839 loss_m: 5.901702880859375 loss_s: 5.899392890930176
iteration: 600 loss: 17.346167755126952 loss_l: 5.638795709609985 loss_m: 5.853955459594727 loss_s: 5.853416681289673
iteration: 610 loss: 17.451489067077638 loss_l: 5.690899801254273 loss_m: 5.868621873855591 loss_s: 5.891967391967773
iteration: 620 loss: 17.271952056884764 loss_l: 5.594631099700928 loss_m: 5.823395252227783 loss_s: 5.8539252281188965
iteration: 630 loss: 17.328076934814455 loss_l: 5.619823408126831 loss_m: 5.854716110229492 loss_s: 5.8535374164581295
iteration: 640 loss: 17.22523136138916 loss_l: 5.597463750839234 loss_m: 5.794825887680053 loss_s: 5.832941913604737
iteration: 650 loss: 17.654801750183104 loss_l: 5.707497024536133 loss_m: 5.940578746795654 loss_s: 6.0067261219024655
iteration: 660 loss: 17.122140884399414 loss_l: 5.545978784561157 loss_m: 5.766496419906616 loss_s: 5.8096654415130615
iteration: 670 loss: 17.101960754394533 loss_l: 5.556743144989014 loss_m: 5.749987316131592 loss_s: 5.795229816436768
iteration: 680 loss: 17.336813545227052 loss_l: 5.615091609954834 loss_m: 5.810573530197144 loss_s: 5.9111486911773685
iteration: 690 loss: 17.629566764831544 loss_l: 5.76933445930481 loss_m: 5.898922252655029 loss_s: 5.961309623718262
iteration: 700 loss: 17.07305774688721 loss_l: 5.550485372543335 loss_m: 5.727612018585205 loss_s: 5.794960260391235
iteration: 710 loss: 17.259373474121094 loss_l: 5.614615392684937 loss_m: 5.79449872970581 loss_s: 5.850259494781494
iteration: 720 loss: 17.165452003479004 loss_l: 5.565358209609985 loss_m: 5.781492042541504 loss_s: 5.818601322174072
iteration: 730 loss: 17.293812370300294 loss_l: 5.584666395187378 loss_m: 5.824101066589355 loss_s: 5.885044956207276
iteration: 740 loss: 17.346150970458986 loss_l: 5.629281616210937 loss_m: 5.856301498413086 loss_s: 5.860567808151245
iteration: 750 loss: 17.224906730651856 loss_l: 5.6017961502075195 loss_m: 5.778279638290405 loss_s: 5.844831085205078
iteration: 760 loss: 17.11362018585205 loss_l: 5.567875957489013 loss_m: 5.752075672149658 loss_s: 5.79366888999939
iteration: 770 loss: 17.022794342041017 loss_l: 5.5651611328125 loss_m: 5.709430408477783 loss_s: 5.748202800750732
iteration: 780 loss: 17.18802680969238 loss_l: 5.567304039001465 loss_m: 5.789410781860352 loss_s: 5.831311941146851
iteration: 790 loss: 17.24665699005127 loss_l: 5.588251638412475 loss_m: 5.808349990844727 loss_s: 5.850055408477783
iteration: 800 loss: 17.196246719360353 loss_l: 5.552443790435791 loss_m: 5.798097562789917 loss_s: 5.845705366134643
iteration: 810 loss: 17.195731163024902 loss_l: 5.589444398880005 loss_m: 5.7801470279693605 loss_s: 5.826139307022094
iteration: 820 loss: 17.121130180358886 loss_l: 5.571203327178955 loss_m: 5.759260368347168 loss_s: 5.790666246414185
iteration: 830 loss: 16.944281005859374 loss_l: 5.510046768188476 loss_m: 5.699788284301758 loss_s: 5.734446239471436
iteration: 840 loss: 17.239879608154297 loss_l: 5.599269914627075 loss_m: 5.809773778915405 loss_s: 5.830835628509521
iteration: 850 loss: 17.189970588684083 loss_l: 5.576465654373169 loss_m: 5.777335596084595 loss_s: 5.836169481277466
iteration: 860 loss: 17.179406547546385 loss_l: 5.619954442977905 loss_m: 5.758017730712891 loss_s: 5.80143461227417
iteration: 870 loss: 16.897744941711426 loss_l: 5.4655012607574465 loss_m: 5.695189142227173 loss_s: 5.737054347991943
iteration: 880 loss: 17.131846618652343 loss_l: 5.558184671401977 loss_m: 5.794590854644776 loss_s: 5.779071092605591
iteration: 890 loss: 16.805100440979004 loss_l: 5.450433826446533 loss_m: 5.668965530395508 loss_s: 5.68570122718811
iteration: 900 loss: 17.02138500213623 loss_l: 5.531913232803345 loss_m: 5.721196699142456 loss_s: 5.7682750701904295
iteration: 910 loss: 17.085908126831054 loss_l: 5.53383617401123 loss_m: 5.728781080245971 loss_s: 5.823290872573852
iteration: 920 loss: 16.97039966583252 loss_l: 5.519691419601441 loss_m: 5.728632545471191 loss_s: 5.72207612991333
iteration: 930 loss: 17.0710391998291 loss_l: 5.5220709323883055 loss_m: 5.7345335483551025 loss_s: 5.814434814453125
iteration: 940 loss: 17.02049732208252 loss_l: 5.536509227752686 loss_m: 5.736567163467408 loss_s: 5.747421216964722
iteration: 950 loss: 17.114175033569335 loss_l: 5.5897214889526365 loss_m: 5.756990575790406 loss_s: 5.767462682723999
iteration: 960 loss: 16.94105758666992 loss_l: 5.492677211761475 loss_m: 5.6989874839782715 loss_s: 5.749393081665039
iteration: 970 loss: 17.020140075683592 loss_l: 5.529610061645508 loss_m: 5.729712247848511 loss_s: 5.760817766189575
iteration: 980 loss: 16.94605827331543 loss_l: 5.513094902038574 loss_m: 5.693151569366455 loss_s: 5.73981122970581
iteration: 990 loss: 16.759930038452147 loss_l: 5.446454238891602 loss_m: 5.65320234298706 loss_s: 5.660273218154908
iteration: 1000 loss: 16.94236602783203 loss_l: 5.49924488067627 loss_m: 5.711135530471802 loss_s: 5.731985950469971
iteration: 1010 loss: 16.793146324157714 loss_l: 5.433387756347656 loss_m: 5.6611371517181395 loss_s: 5.698621654510498
iteration: 1020 loss: 17.02389030456543 loss_l: 5.508995866775512 loss_m: 5.743036413192749 loss_s: 5.771858215332031
iteration: 1030 loss: 16.862522315979003 loss_l: 5.445671129226684 loss_m: 5.6861207485198975 loss_s: 5.730730247497559
iteration: 1040 loss: 17.052452850341798 loss_l: 5.53187313079834 loss_m: 5.74804425239563 loss_s: 5.77253532409668
iteration: 1050 loss: 17.16428699493408 loss_l: 5.609694910049439 loss_m: 5.781184911727905 loss_s: 5.773407459259033
iteration: 1060 loss: 17.1954439163208 loss_l: 5.5616100311279295 loss_m: 5.790079402923584 loss_s: 5.8437543392181395
iteration: 1070 loss: 16.86477394104004 loss_l: 5.467741250991821 loss_m: 5.66262583732605 loss_s: 5.734406805038452
iteration: 1080 loss: 17.056721687316895 loss_l: 5.567800521850586 loss_m: 5.730926942825318 loss_s: 5.7579944133758545
iteration: 1090 loss: 16.837161254882812 loss_l: 5.427318334579468 loss_m: 5.67405104637146 loss_s: 5.735791730880737
iteration: 1100 loss: 16.883549308776857 loss_l: 5.455363512039185 loss_m: 5.6980382919311525 loss_s: 5.730147457122802
iteration: 1110 loss: 16.854809951782226 loss_l: 5.465803337097168 loss_m: 5.678408193588257 loss_s: 5.71059832572937
iteration: 1120 loss: 16.91000900268555 loss_l: 5.462268352508545 loss_m: 5.693252182006836 loss_s: 5.754488325119018
iteration: 1130 loss: 16.669618988037108 loss_l: 5.365278863906861 loss_m: 5.637054967880249 loss_s: 5.6672851085662845
iteration: 1140 loss: 16.768327140808104 loss_l: 5.428194332122803 loss_m: 5.6537854194641115 loss_s: 5.686347436904907
iteration: 1150 loss: 16.759307765960692 loss_l: 5.4141639232635494 loss_m: 5.669887113571167 loss_s: 5.6752564907073975
iteration: 1160 loss: 16.76111831665039 loss_l: 5.42923321723938 loss_m: 5.643254280090332 loss_s: 5.688631057739258
iteration: 1170 loss: 16.71497287750244 loss_l: 5.41809196472168 loss_m: 5.639970064163208 loss_s: 5.65691065788269
iteration: 1180 loss: 17.03518009185791 loss_l: 5.534852981567383 loss_m: 5.716671276092529 loss_s: 5.78365535736084
iteration: 1190 loss: 16.62539587020874 loss_l: 5.372578144073486 loss_m: 5.579911231994629 loss_s: 5.672906494140625
iteration: 1200 loss: 16.701103591918944 loss_l: 5.381777763366699 loss_m: 5.615598964691162 loss_s: 5.703726959228516
iteration: 1210 loss: 16.927251243591307 loss_l: 5.488568305969238 loss_m: 5.707879447937012 loss_s: 5.730803728103638
iteration: 1220 loss: 16.867238235473632 loss_l: 5.458453226089477 loss_m: 5.675153636932373 loss_s: 5.733631563186646
iteration: 1230 loss: 16.923881149291994 loss_l: 5.476860237121582 loss_m: 5.696064901351929 loss_s: 5.750955724716187
iteration: 1240 loss: 16.625336265563966 loss_l: 5.3955048561096195 loss_m: 5.583072328567505 loss_s: 5.646758937835694
iteration: 1250 loss: 16.793263244628907 loss_l: 5.425244522094727 loss_m: 5.649058723449707 loss_s: 5.718960237503052
iteration: 1260 loss: 16.74078254699707 loss_l: 5.397392654418946 loss_m: 5.648928642272949 loss_s: 5.694461297988892
iteration: 1270 loss: 16.897283172607423 loss_l: 5.443153333663941 loss_m: 5.696036291122437 loss_s: 5.758092975616455
iteration: 1280 loss: 16.906643676757813 loss_l: 5.45313458442688 loss_m: 5.698880958557129 loss_s: 5.7546281814575195
iteration: 1290 loss: 16.87886161804199 loss_l: 5.483646059036255 loss_m: 5.675424718856812 loss_s: 5.719790458679199
iteration: 1300 loss: 16.714529609680177 loss_l: 5.396132230758667 loss_m: 5.632007694244384 loss_s: 5.686389780044555
iteration: 1310 loss: 16.7508825302124 loss_l: 5.399677515029907 loss_m: 5.652476167678833 loss_s: 5.698729181289673
iteration: 1320 loss: 16.813136100769043 loss_l: 5.411119604110718 loss_m: 5.686026334762573 loss_s: 5.715990686416626
iteration: 1330 loss: 16.749718475341798 loss_l: 5.4176839828491214 loss_m: 5.627136087417602 loss_s: 5.704898500442505
iteration: 1340 loss: 16.501179027557374 loss_l: 5.315951538085938 loss_m: 5.575101900100708 loss_s: 5.610125875473022
iteration: 1350 loss: 16.69770383834839 loss_l: 5.411246633529663 loss_m: 5.5818850040435795 loss_s: 5.704572248458862
iteration: 1360 loss: 16.563372993469237 loss_l: 5.3497576236724855 loss_m: 5.576849555969238 loss_s: 5.636765384674073
iteration: 1370 loss: 16.78156986236572 loss_l: 5.427504444122315 loss_m: 5.650497627258301 loss_s: 5.703567409515381
iteration: 1380 loss: 16.72496967315674 loss_l: 5.366369342803955 loss_m: 5.644622278213501 loss_s: 5.713978242874146
iteration: 1390 loss: 16.703752517700195 loss_l: 5.409797239303589 loss_m: 5.6120775699615475 loss_s: 5.681877756118775
iteration: 1400 loss: 16.650078773498535 loss_l: 5.373309803009033 loss_m: 5.617577171325683 loss_s: 5.659191370010376
iteration: 1410 loss: 16.704191780090333 loss_l: 5.4032923698425295 loss_m: 5.635058832168579 loss_s: 5.665840768814087
iteration: 1420 loss: 16.661484146118163 loss_l: 5.377257776260376 loss_m: 5.6016761302948 loss_s: 5.682550477981567
iteration: 1430 loss: 16.656753826141358 loss_l: 5.368125104904175 loss_m: 5.628359746932984 loss_s: 5.660268640518188
iteration: 1440 loss: 16.893751907348634 loss_l: 5.495168828964234 loss_m: 5.670882225036621 loss_s: 5.727701044082641
iteration: 1450 loss: 16.6907169342041 loss_l: 5.423153686523437 loss_m: 5.605063438415527 loss_s: 5.662499666213989
iteration: 1460 loss: 16.452363204956054 loss_l: 5.286568069458008 loss_m: 5.568430805206299 loss_s: 5.597364711761474
iteration: 1470 loss: 16.31458396911621 loss_l: 5.243773603439331 loss_m: 5.514699983596802 loss_s: 5.556110286712647
iteration: 1480 loss: 16.552051734924316 loss_l: 5.345189905166626 loss_m: 5.5824789047241214 loss_s: 5.624382495880127
iteration: 1490 loss: 16.717441749572753 loss_l: 5.4000009059906 loss_m: 5.612225961685181 loss_s: 5.705214643478394
iteration: 1500 loss: 16.813595581054688 loss_l: 5.4130573749542235 loss_m: 5.6702649116516115 loss_s: 5.730273771286011
iteration: 1510 loss: 16.497182369232178 loss_l: 5.289981365203857 loss_m: 5.55742564201355 loss_s: 5.6497753143310545
iteration: 1520 loss: 16.85331916809082 loss_l: 5.453627872467041 loss_m: 5.6712953567504885 loss_s: 5.728396081924439
iteration: 1530 loss: 16.580112075805665 loss_l: 5.357718181610108 loss_m: 5.574649667739868 loss_s: 5.647744178771973
iteration: 1540 loss: 16.74098606109619 loss_l: 5.392731618881226 loss_m: 5.661591339111328 loss_s: 5.6866631507873535
iteration: 1550 loss: 16.37414207458496 loss_l: 5.285484457015992 loss_m: 5.514828205108643 loss_s: 5.573829460144043
iteration: 1560 loss: 16.558859062194824 loss_l: 5.327322340011596 loss_m: 5.61277027130127 loss_s: 5.6187660694122314
iteration: 1570 loss: 16.44784622192383 loss_l: 5.314733505249023 loss_m: 5.5565165996551515 loss_s: 5.576595878601074
iteration: 1580 loss: 16.63879680633545 loss_l: 5.381548690795898 loss_m: 5.603109502792359 loss_s: 5.654138851165771
iteration: 1590 loss: 16.600691413879396 loss_l: 5.373532724380493 loss_m: 5.583659696578979 loss_s: 5.643498754501342
iteration: 1600 loss: 16.64814682006836 loss_l: 5.363052940368652 loss_m: 5.625096178054809 loss_s: 5.65999755859375
iteration: 1610 loss: 16.43202152252197 loss_l: 5.299162435531616 loss_m: 5.542905569076538 loss_s: 5.589953899383545
iteration: 1620 loss: 16.634136199951172 loss_l: 5.351962327957153 loss_m: 5.605045175552368 loss_s: 5.677128458023072
iteration: 1630 loss: 16.430357933044434 loss_l: 5.291717624664306 loss_m: 5.54116792678833 loss_s: 5.597472190856934
iteration: 1640 loss: 16.536225891113283 loss_l: 5.342276954650879 loss_m: 5.580585193634033 loss_s: 5.613364028930664
iteration: 1650 loss: 16.631820297241212 loss_l: 5.364579439163208 loss_m: 5.611565685272216 loss_s: 5.655675172805786
iteration: 1660 loss: 16.662378883361818 loss_l: 5.376837635040284 loss_m: 5.610128879547119 loss_s: 5.675412511825561
iteration: 1670 loss: 16.69602699279785 loss_l: 5.36163911819458 loss_m: 5.627807998657227 loss_s: 5.70657958984375
iteration: 1680 loss: 16.35224132537842 loss_l: 5.269814586639404 loss_m: 5.531609296798706 loss_s: 5.550817584991455
iteration: 1690 loss: 16.395224380493165 loss_l: 5.3056371212005615 loss_m: 5.537329387664795 loss_s: 5.552257966995239
iteration: 1700 loss: 16.59798583984375 loss_l: 5.3634556293487545 loss_m: 5.590754842758178 loss_s: 5.643775367736817
iteration: 1710 loss: 16.43374366760254 loss_l: 5.307182741165161 loss_m: 5.541816091537475 loss_s: 5.5847447395324705
iteration: 1720 loss: 16.449796295166017 loss_l: 5.281619215011597 loss_m: 5.5639852523803714 loss_s: 5.604192113876342
iteration: 1730 loss: 16.582313346862794 loss_l: 5.348889541625977 loss_m: 5.596582508087158 loss_s: 5.636841344833374
iteration: 1740 loss: 16.43843822479248 loss_l: 5.323044347763061 loss_m: 5.523980331420899 loss_s: 5.5914136409759525
iteration: 1750 loss: 16.42739963531494 loss_l: 5.317846822738647 loss_m: 5.5470808982849125 loss_s: 5.562471914291382
iteration: 1760 loss: 16.516369247436522 loss_l: 5.328822374343872 loss_m: 5.561086750030517 loss_s: 5.626460123062134
iteration: 1770 loss: 16.291950130462645 loss_l: 5.223313999176026 loss_m: 5.50813889503479 loss_s: 5.560497283935547
iteration: 1780 loss: 16.271985912322997 loss_l: 5.259798812866211 loss_m: 5.456599521636963 loss_s: 5.555587673187256
iteration: 1790 loss: 16.40998821258545 loss_l: 5.279250812530518 loss_m: 5.5225677490234375 loss_s: 5.608170032501221
iteration: 1800 loss: 16.454286289215087 loss_l: 5.297921276092529 loss_m: 5.554656553268432 loss_s: 5.601708507537841
iteration: 1810 loss: 16.34340543746948 loss_l: 5.274153709411621 loss_m: 5.509331274032593 loss_s: 5.5599206447601315
iteration: 1820 loss: 16.61443958282471 loss_l: 5.358747720718384 loss_m: 5.602972507476807 loss_s: 5.652719211578369
iteration: 1830 loss: 16.47574653625488 loss_l: 5.306394147872925 loss_m: 5.5432641983032225 loss_s: 5.626088094711304
iteration: 1840 loss: 16.322247791290284 loss_l: 5.247094058990479 loss_m: 5.483436822891235 loss_s: 5.591716575622558
iteration: 1850 loss: 16.371056175231935 loss_l: 5.287139272689819 loss_m: 5.518918132781982 loss_s: 5.564998817443848
iteration: 1860 loss: 16.333298683166504 loss_l: 5.254837512969971 loss_m: 5.5336158752441404 loss_s: 5.544845247268677
iteration: 1870 loss: 16.35014762878418 loss_l: 5.266196775436401 loss_m: 5.541193962097168 loss_s: 5.542757129669189
iteration: 1880 loss: 16.51106014251709 loss_l: 5.3381202697753904 loss_m: 5.569071197509766 loss_s: 5.603869247436523
iteration: 1890 loss: 16.406795692443847 loss_l: 5.319561767578125 loss_m: 5.526137351989746 loss_s: 5.5610967636108395
iteration: 1900 loss: 16.396148014068604 loss_l: 5.302977609634399 loss_m: 5.522812414169311 loss_s: 5.570357704162598
iteration: 1910 loss: 16.427885055541992 loss_l: 5.331521797180176 loss_m: 5.541436100006104 loss_s: 5.554926586151123
iteration: 1920 loss: 16.4037202835083 loss_l: 5.285161256790161 loss_m: 5.531192064285278 loss_s: 5.587367248535156
iteration: 1930 loss: 16.424804401397704 loss_l: 5.282150506973267 loss_m: 5.545589208602905 loss_s: 5.59706482887268
iteration: 1940 loss: 16.45977210998535 loss_l: 5.316608905792236 loss_m: 5.558293628692627 loss_s: 5.584869050979615
iteration: 1950 loss: 16.479041481018065 loss_l: 5.322528076171875 loss_m: 5.547934341430664 loss_s: 5.60857925415039
iteration: 1960 loss: 16.3780237197876 loss_l: 5.283492374420166 loss_m: 5.518844509124756 loss_s: 5.57568678855896
iteration: 1970 loss: 16.26782646179199 loss_l: 5.249743318557739 loss_m: 5.476023197174072 loss_s: 5.542059707641601
iteration: 1980 loss: 16.331231784820556 loss_l: 5.255334520339966 loss_m: 5.509578275680542 loss_s: 5.566318988800049
iteration: 1990 loss: 16.329662990570068 loss_l: 5.27221646308899 loss_m: 5.508485174179077 loss_s: 5.548961734771728
iteration: 2000 loss: 16.404355144500734 loss_l: 5.281741142272949 loss_m: 5.523410987854004 loss_s: 5.599203109741211
iteration: 2010 loss: 16.533905601501466 loss_l: 5.352523946762085 loss_m: 5.55753812789917 loss_s: 5.623843622207642
iteration: 2020 loss: 16.330916309356688 loss_l: 5.249854373931885 loss_m: 5.514364433288574 loss_s: 5.5666975498199465
iteration: 2030 loss: 16.34302101135254 loss_l: 5.240663719177246 loss_m: 5.516666316986084 loss_s: 5.585690832138061
iteration: 2040 loss: 16.15664758682251 loss_l: 5.184256553649902 loss_m: 5.469737529754639 loss_s: 5.502653455734253
iteration: 2050 loss: 16.4044038772583 loss_l: 5.2545998096466064 loss_m: 5.5309852123260494 loss_s: 5.618818569183349
iteration: 2060 loss: 16.380684852600098 loss_l: 5.255936002731323 loss_m: 5.548275899887085 loss_s: 5.576472902297974
iteration: 2070 loss: 16.404739379882812 loss_l: 5.268270683288574 loss_m: 5.535728931427002 loss_s: 5.600739669799805
iteration: 2080 loss: 16.38154888153076 loss_l: 5.29635443687439 loss_m: 5.5039647102355955 loss_s: 5.581229877471924
iteration: 2090 loss: 16.267497730255126 loss_l: 5.205755138397217 loss_m: 5.487798690795898 loss_s: 5.57394380569458
iteration: 2100 loss: 16.216892814636232 loss_l: 5.216037273406982 loss_m: 5.454264450073242 loss_s: 5.546591091156006
iteration: 2110 loss: 16.47320775985718 loss_l: 5.300788116455078 loss_m: 5.564771461486816 loss_s: 5.60764799118042
iteration: 2120 loss: 16.249401378631593 loss_l: 5.239740180969238 loss_m: 5.477845859527588 loss_s: 5.531815481185913
iteration: 2130 loss: 16.228204345703126 loss_l: 5.242725896835327 loss_m: 5.464300966262817 loss_s: 5.52117772102356
iteration: 2140 loss: 16.11443500518799 loss_l: 5.198332834243774 loss_m: 5.42525577545166 loss_s: 5.490846443176269
iteration: 2150 loss: 16.464620971679686 loss_l: 5.305071401596069 loss_m: 5.5464881420135494 loss_s: 5.613061046600341
iteration: 2160 loss: 16.277622985839844 loss_l: 5.233172035217285 loss_m: 5.487185764312744 loss_s: 5.557265424728394
iteration: 2170 loss: 16.256497192382813 loss_l: 5.2277631759643555 loss_m: 5.492029809951783 loss_s: 5.53670449256897
iteration: 2180 loss: 16.22313184738159 loss_l: 5.227610158920288 loss_m: 5.482928085327148 loss_s: 5.512593746185303
iteration: 2190 loss: 16.43399314880371 loss_l: 5.303896713256836 loss_m: 5.532681655883789 loss_s: 5.597414493560791
iteration: 2200 loss: 16.550639820098876 loss_l: 5.334704160690308 loss_m: 5.574831628799439 loss_s: 5.641104078292846
iteration: 2210 loss: 16.5438325881958 loss_l: 5.324222469329834 loss_m: 5.587207221984864 loss_s: 5.632402515411377
iteration: 2220 loss: 16.35629835128784 loss_l: 5.278237581253052 loss_m: 5.506541395187378 loss_s: 5.5715197086334225
iteration: 2230 loss: 16.36256046295166 loss_l: 5.261123561859131 loss_m: 5.517859745025635 loss_s: 5.5835771560668945
iteration: 2240 loss: 16.278611278533937 loss_l: 5.242167186737061 loss_m: 5.496115398406983 loss_s: 5.540328645706177
iteration: 2250 loss: 16.189622592926025 loss_l: 5.20705018043518 loss_m: 5.472901391983032 loss_s: 5.5096704959869385
iteration: 2260 loss: 16.292643547058105 loss_l: 5.234547567367554 loss_m: 5.482607173919678 loss_s: 5.575488901138305
iteration: 2270 loss: 16.17903928756714 loss_l: 5.184147644042969 loss_m: 5.459022331237793 loss_s: 5.535869884490967
iteration: 2280 loss: 16.241197967529295 loss_l: 5.21466646194458 loss_m: 5.4666797637939455 loss_s: 5.559851551055909
iteration: 2290 loss: 16.12644557952881 loss_l: 5.183227682113648 loss_m: 5.430693531036377 loss_s: 5.5125244617462155
iteration: 2300 loss: 16.41075038909912 loss_l: 5.291897106170654 loss_m: 5.528869247436523 loss_s: 5.589983892440796
iteration: 2310 loss: 16.4668306350708 loss_l: 5.299829196929932 loss_m: 5.542212629318238 loss_s: 5.624788570404053
iteration: 2320 loss: 16.466750717163087 loss_l: 5.336508798599243 loss_m: 5.540675306320191 loss_s: 5.589566898345947
iteration: 2330 loss: 16.231839084625243 loss_l: 5.226148891448974 loss_m: 5.47016716003418 loss_s: 5.535523319244385
iteration: 2340 loss: 16.317471504211426 loss_l: 5.260169601440429 loss_m: 5.506961917877197 loss_s: 5.550339984893799
iteration: 2350 loss: 16.01943759918213 loss_l: 5.155251598358154 loss_m: 5.405873823165893 loss_s: 5.458312463760376
iteration: 2360 loss: 16.11652536392212 loss_l: 5.200440073013306 loss_m: 5.436319971084595 loss_s: 5.479765319824219
iteration: 2370 loss: 15.923974895477295 loss_l: 5.132642030715942 loss_m: 5.370574617385865 loss_s: 5.420758676528931
iteration: 2380 loss: 16.153056049346922 loss_l: 5.229034376144409 loss_m: 5.456232357025146 loss_s: 5.4677893161773685
iteration: 2390 loss: 16.027340984344484 loss_l: 5.150965547561645 loss_m: 5.406298494338989 loss_s: 5.4700768947601315
iteration: 2400 loss: 16.161711311340333 loss_l: 5.193529367446899 loss_m: 5.46429672241211 loss_s: 5.503885269165039
iteration: 2410 loss: 16.18165979385376 loss_l: 5.214968061447143 loss_m: 5.455356788635254 loss_s: 5.511334991455078
iteration: 2420 loss: 16.3080810546875 loss_l: 5.259455060958862 loss_m: 5.4915060043334964 loss_s: 5.557120084762573
iteration: 2430 loss: 16.01627597808838 loss_l: 5.134629440307617 loss_m: 5.3962654113769535 loss_s: 5.485381364822388
iteration: 2440 loss: 16.111429500579835 loss_l: 5.197679948806763 loss_m: 5.447731256484985 loss_s: 5.466019058227539
iteration: 2450 loss: 16.301776027679445 loss_l: 5.263506937026977 loss_m: 5.510267448425293 loss_s: 5.5280016422271725
iteration: 2460 loss: 16.21657028198242 loss_l: 5.22362117767334 loss_m: 5.475694990158081 loss_s: 5.517254257202149
iteration: 2470 loss: 16.138436317443848 loss_l: 5.204351615905762 loss_m: 5.433666849136353 loss_s: 5.500417757034302
iteration: 2480 loss: 15.994891166687012 loss_l: 5.148587465286255 loss_m: 5.394404602050781 loss_s: 5.451899003982544
iteration: 2490 loss: 16.270282649993895 loss_l: 5.237998628616333 loss_m: 5.475122547149658 loss_s: 5.557161808013916
iteration: 2500 loss: 16.269675636291502 loss_l: 5.241806173324585 loss_m: 5.496625471115112 loss_s: 5.531243991851807
iteration: 2510 loss: 16.119109630584717 loss_l: 5.226420497894287 loss_m: 5.4140910625457765 loss_s: 5.478598499298096
iteration: 2520 loss: 16.21644515991211 loss_l: 5.2315164566040036 loss_m: 5.453532695770264 loss_s: 5.531396055221558
iteration: 2530 loss: 16.310032653808594 loss_l: 5.2377095222473145 loss_m: 5.512026929855347 loss_s: 5.560296297073364
iteration: 2540 loss: 16.012252235412596 loss_l: 5.151503562927246 loss_m: 5.407362031936645 loss_s: 5.453386926651001
iteration: 2550 loss: 16.205250835418703 loss_l: 5.224072265625 loss_m: 5.461578702926635 loss_s: 5.519599771499633
iteration: 2560 loss: 16.18526096343994 loss_l: 5.209740400314331 loss_m: 5.455359697341919 loss_s: 5.520160961151123
iteration: 2570 loss: 16.16626968383789 loss_l: 5.214828252792358 loss_m: 5.447317218780517 loss_s: 5.504124402999878
iteration: 2580 loss: 16.21233959197998 loss_l: 5.228200387954712 loss_m: 5.47473177909851 loss_s: 5.509407663345337
iteration: 2590 loss: 16.136039066314698 loss_l: 5.186793327331543 loss_m: 5.4439538478851315 loss_s: 5.505291700363159
iteration: 2600 loss: 16.15042428970337 loss_l: 5.193429660797119 loss_m: 5.4570990085601805 loss_s: 5.499896049499512
iteration: 2610 loss: 15.960736656188965 loss_l: 5.115702342987061 loss_m: 5.412039804458618 loss_s: 5.432994842529297
iteration: 2620 loss: 16.017076206207275 loss_l: 5.169553422927857 loss_m: 5.405233716964721 loss_s: 5.442288732528686
iteration: 2630 loss: 16.03114023208618 loss_l: 5.144520282745361 loss_m: 5.408521413803101 loss_s: 5.4780984878540036
iteration: 2640 loss: 16.217288780212403 loss_l: 5.211556911468506 loss_m: 5.4934141635894775 loss_s: 5.512318086624146
iteration: 2650 loss: 16.038054943084717 loss_l: 5.163393831253051 loss_m: 5.390025806427002 loss_s: 5.484635305404663
iteration: 2660 loss: 16.3106595993042 loss_l: 5.2787618160247805 loss_m: 5.493410348892212 loss_s: 5.53848705291748
iteration: 2670 loss: 16.096967697143555 loss_l: 5.183985471725464 loss_m: 5.423978519439697 loss_s: 5.489003324508667
iteration: 2680 loss: 16.014970207214354 loss_l: 5.176046657562256 loss_m: 5.3978814601898195 loss_s: 5.441041946411133
iteration: 2690 loss: 16.063531112670898 loss_l: 5.157379007339477 loss_m: 5.4226466655731205 loss_s: 5.483505582809448
iteration: 2700 loss: 16.23507785797119 loss_l: 5.215005731582641 loss_m: 5.488533878326416 loss_s: 5.531538248062134
iteration: 2710 loss: 16.03463888168335 loss_l: 5.135966968536377 loss_m: 5.427107667922973 loss_s: 5.4715639591217045
iteration: 2720 loss: 16.051940822601317 loss_l: 5.167943239212036 loss_m: 5.406964302062988 loss_s: 5.477033185958862
iteration: 2730 loss: 16.094896697998045 loss_l: 5.163476991653442 loss_m: 5.439407777786255 loss_s: 5.492012071609497
iteration: 2740 loss: 16.163592624664307 loss_l: 5.2146251678466795 loss_m: 5.4320742130279545 loss_s: 5.516893100738526
iteration: 2750 loss: 15.966404628753661 loss_l: 5.123349714279175 loss_m: 5.3922812938690186 loss_s: 5.450774145126343
iteration: 2760 loss: 16.1009241104126 loss_l: 5.168451166152954 loss_m: 5.452690553665161 loss_s: 5.479782485961914
iteration: 2770 loss: 15.9970458984375 loss_l: 5.170784378051758 loss_m: 5.379680395126343 loss_s: 5.446581125259399
iteration: 2780 loss: 16.0375319480896 loss_l: 5.181373262405396 loss_m: 5.395735406875611 loss_s: 5.460423183441162
iteration: 2790 loss: 16.10140266418457 loss_l: 5.177005386352539 loss_m: 5.4345213890075685 loss_s: 5.489876079559326
iteration: 2800 loss: 15.886530208587647 loss_l: 5.107153511047363 loss_m: 5.360439825057983 loss_s: 5.418936729431152
iteration: 2810 loss: 15.969833469390869 loss_l: 5.126766347885132 loss_m: 5.3902863502502445 loss_s: 5.452780818939209
=====epoch 1
iteration: 2820 loss: 16.13335437774658 loss_l: 5.188490295410157 loss_m: 5.433181428909302 loss_s: 5.511682558059692
iteration: 2830 loss: 16.054358386993407 loss_l: 5.153498125076294 loss_m: 5.403972053527832 loss_s: 5.496888303756714
iteration: 2840 loss: 16.078381729125976 loss_l: 5.13820366859436 loss_m: 5.433237838745117 loss_s: 5.506939697265625
iteration: 2850 loss: 16.18228702545166 loss_l: 5.218017864227295 loss_m: 5.465172338485718 loss_s: 5.499097156524658
iteration: 2860 loss: 15.907253742218018 loss_l: 5.131916093826294 loss_m: 5.3613885879516605 loss_s: 5.413949251174927
iteration: 2870 loss: 16.062200260162353 loss_l: 5.155059480667115 loss_m: 5.420983409881591 loss_s: 5.4861571311950685
iteration: 2880 loss: 16.122929286956786 loss_l: 5.202463150024414 loss_m: 5.435481119155884 loss_s: 5.4849851608276365
iteration: 2890 loss: 16.01919813156128 loss_l: 5.147820615768433 loss_m: 5.40537919998169 loss_s: 5.4659984588623045
iteration: 2900 loss: 15.996480369567871 loss_l: 5.1118278980255125 loss_m: 5.419791603088379 loss_s: 5.464860677719116
iteration: 2910 loss: 15.891641235351562 loss_l: 5.117369031906128 loss_m: 5.3632806777954105 loss_s: 5.410991668701172
iteration: 2920 loss: 15.883726978302002 loss_l: 5.120548868179322 loss_m: 5.3511146068572994 loss_s: 5.41206374168396
iteration: 2930 loss: 16.056060695648192 loss_l: 5.149008893966675 loss_m: 5.423882150650025 loss_s: 5.483170080184936
iteration: 2940 loss: 16.09217462539673 loss_l: 5.164932918548584 loss_m: 5.426660633087158 loss_s: 5.500581073760986
iteration: 2950 loss: 16.086285209655763 loss_l: 5.159080123901367 loss_m: 5.4334827899932865 loss_s: 5.493722534179687
iteration: 2960 loss: 15.82608585357666 loss_l: 5.092604160308838 loss_m: 5.352168989181519 loss_s: 5.381312990188599
iteration: 2970 loss: 15.99192934036255 loss_l: 5.096013355255127 loss_m: 5.413934326171875 loss_s: 5.481981420516968
iteration: 2980 loss: 16.187328815460205 loss_l: 5.226384449005127 loss_m: 5.460124492645264 loss_s: 5.500819969177246
iteration: 2990 loss: 15.909025573730469 loss_l: 5.116367530822754 loss_m: 5.36164288520813 loss_s: 5.431014823913574
iteration: 3000 loss: 15.875371646881103 loss_l: 5.0871817111969 loss_m: 5.361882162094116 loss_s: 5.4263073921203615
eval start!

################################################################
what           :             AP           AP50           AP25
################################################################
building       :          0.305          0.417          0.449
fence          :          0.052          0.076          0.087
pole           :          0.116          0.221          0.292
traffic light  :          0.059          0.138          0.177
traffic sign   :          0.182          0.296          0.313
vegetation     :          0.516          0.599          0.610
person         :          0.183          0.293          0.299
rider          :          0.002          0.002          0.002
car            :          0.348          0.534          0.573
truck          :          0.064          0.101          0.106
bus            :          0.008          0.008          0.008
train          :          0.000          0.000          0.000
motorcycle     :          0.001          0.001          0.001
bicycle        :          0.002          0.002          0.002
----------------------------------------------------------------
average        :          0.131          0.192          0.208
BEST ITER: 3000


eval start!

################################################################
what           :             AP           AP50           AP25
################################################################
construction+sky:          0.709          0.786          0.801
object         :          0.014          0.025          0.030
nature         :          0.327          0.478          0.516
human          :          0.241          0.512          0.582
vehicle        :          0.552          0.784          0.836
----------------------------------------------------------------
average        :          0.369          0.517          0.553

iteration: 3010 loss: 15.92900218963623 loss_l: 5.138854074478149 loss_m: 5.370861768722534 loss_s: 5.419286394119263
iteration: 3020 loss: 16.060446739196777 loss_l: 5.141039276123047 loss_m: 5.424869441986084 loss_s: 5.494538021087647
iteration: 3030 loss: 15.935029125213623 loss_l: 5.10225920677185 loss_m: 5.383579158782959 loss_s: 5.449190711975097
iteration: 3040 loss: 15.80827980041504 loss_l: 5.051254606246948 loss_m: 5.33285117149353 loss_s: 5.424174022674561
iteration: 3050 loss: 15.999235534667969 loss_l: 5.167822456359863 loss_m: 5.381036901473999 loss_s: 5.450376224517822
iteration: 3060 loss: 15.959212493896484 loss_l: 5.127826595306397 loss_m: 5.390908479690552 loss_s: 5.44047737121582
iteration: 3070 loss: 15.999835681915282 loss_l: 5.148000049591064 loss_m: 5.400316286087036 loss_s: 5.451519536972046
iteration: 3080 loss: 16.134393978118897 loss_l: 5.187814331054687 loss_m: 5.423044204711914 loss_s: 5.523535251617432
iteration: 3090 loss: 15.755585861206054 loss_l: 5.046306180953979 loss_m: 5.312915182113647 loss_s: 5.3963642597198485
iteration: 3100 loss: 15.962626647949218 loss_l: 5.140422344207764 loss_m: 5.374739122390747 loss_s: 5.447465515136718
eval start!

################################################################
what           :             AP           AP50           AP25
################################################################
building       :          0.293          0.397          0.427
fence          :          0.054          0.080          0.093
pole           :          0.124          0.245          0.333
traffic light  :          0.088          0.201          0.237
traffic sign   :          0.192          0.309          0.323
vegetation     :          0.511          0.584          0.591
person         :          0.185          0.297          0.304
rider          :          0.002          0.002          0.002
car            :          0.399          0.623          0.665
truck          :          0.081          0.124          0.130
bus            :          0.008          0.008          0.008
train          :          0.000          0.000          0.000
motorcycle     :          0.001          0.001          0.001
bicycle        :          0.002          0.002          0.002
----------------------------------------------------------------
average        :          0.139          0.205          0.222
BEST ITER: 3100


eval start!

################################################################
what           :             AP           AP50           AP25
################################################################
construction+sky:          0.705          0.784          0.801
object         :          0.014          0.025          0.029
nature         :          0.330          0.480          0.517
human          :          0.270          0.598          0.683
vehicle        :          0.558          0.791          0.843
----------------------------------------------------------------
average        :          0.375          0.536          0.574

iteration: 3110 loss: 15.943219757080078 loss_l: 5.144702959060669 loss_m: 5.375297546386719 loss_s: 5.423219156265259
iteration: 3120 loss: 15.879257297515869 loss_l: 5.103955411911011 loss_m: 5.373077297210694 loss_s: 5.40222430229187
iteration: 3130 loss: 15.938409328460693 loss_l: 5.122119283676147 loss_m: 5.387992238998413 loss_s: 5.428297615051269
iteration: 3140 loss: 15.92932949066162 loss_l: 5.120276927947998 loss_m: 5.366636943817139 loss_s: 5.4424152851104735
iteration: 3150 loss: 15.99290418624878 loss_l: 5.162138795852661 loss_m: 5.370898580551147 loss_s: 5.459866666793824
iteration: 3160 loss: 15.789899539947509 loss_l: 5.0657206058502195 loss_m: 5.33743143081665 loss_s: 5.386747217178344
iteration: 3170 loss: 15.902478504180909 loss_l: 5.1109295845031735 loss_m: 5.346268987655639 loss_s: 5.445279884338379
iteration: 3180 loss: 16.03948917388916 loss_l: 5.138692140579224 loss_m: 5.409091758728027 loss_s: 5.491705131530762
iteration: 3190 loss: 15.802577781677247 loss_l: 5.045105123519898 loss_m: 5.345752286911011 loss_s: 5.411720323562622
iteration: 3200 loss: 15.997744941711426 loss_l: 5.152291917800904 loss_m: 5.411106967926026 loss_s: 5.434345769882202
eval start!

################################################################
what           :             AP           AP50           AP25
################################################################
building       :          0.292          0.395          0.425
fence          :          0.054          0.080          0.091
pole           :          0.129          0.244          0.313
traffic light  :          0.056          0.124          0.149
traffic sign   :          0.177          0.288          0.303
vegetation     :          0.508          0.573          0.580
person         :          0.186          0.300          0.305
rider          :          0.002          0.002          0.002
car            :          0.390          0.611          0.656
truck          :          0.076          0.111          0.114
bus            :          0.008          0.008          0.008
train          :          0.000          0.000          0.000
motorcycle     :          0.001          0.001          0.001
bicycle        :          0.002          0.002          0.002
----------------------------------------------------------------
average        :          0.134          0.196          0.211
BEST ITER: 3100


eval start!

################################################################
what           :             AP           AP50           AP25
################################################################
construction+sky:          0.704          0.783          0.799
object         :          0.014          0.027          0.032
nature         :          0.343          0.495          0.532
human          :          0.269          0.583          0.665
vehicle        :          0.519          0.739          0.791
----------------------------------------------------------------
average        :          0.370          0.526          0.564

iteration: 3210 loss: 16.06481580734253 loss_l: 5.142833995819092 loss_m: 5.423749876022339 loss_s: 5.498231744766235
iteration: 3220 loss: 15.794816493988037 loss_l: 5.049085569381714 loss_m: 5.344051742553711 loss_s: 5.401679563522339
iteration: 3230 loss: 16.01740550994873 loss_l: 5.157923078536987 loss_m: 5.401925325393677 loss_s: 5.4575573921203615
iteration: 3240 loss: 15.806628608703614 loss_l: 5.057426071166992 loss_m: 5.348160266876221 loss_s: 5.401042366027832
iteration: 3250 loss: 16.002020263671874 loss_l: 5.163602733612061 loss_m: 5.3954854011535645 loss_s: 5.442932176589966
iteration: 3260 loss: 15.986939525604248 loss_l: 5.1319152355194095 loss_m: 5.382764911651611 loss_s: 5.472259664535523
iteration: 3270 loss: 15.965221786499024 loss_l: 5.095664167404175 loss_m: 5.400268840789795 loss_s: 5.469288635253906
iteration: 3280 loss: 15.92981128692627 loss_l: 5.125763082504273 loss_m: 5.361622858047485 loss_s: 5.442425346374511
iteration: 3290 loss: 15.92984323501587 loss_l: 5.135398483276367 loss_m: 5.36362738609314 loss_s: 5.430817317962647
iteration: 3300 loss: 15.87552251815796 loss_l: 5.075150871276856 loss_m: 5.354658889770508 loss_s: 5.445712471008301
eval start!

################################################################
what           :             AP           AP50           AP25
################################################################
building       :          0.319          0.439          0.472
fence          :          0.056          0.085          0.098
pole           :          0.126          0.251          0.337
traffic light  :          0.063          0.149          0.193
traffic sign   :          0.172          0.291          0.309
vegetation     :          0.521          0.607          0.617
person         :          0.193          0.310          0.316
rider          :          0.002          0.002          0.002
car            :          0.380          0.597          0.641
truck          :          0.070          0.103          0.106
bus            :          0.008          0.008          0.008
train          :          0.000          0.000          0.000
motorcycle     :          0.001          0.001          0.001
bicycle        :          0.002          0.002          0.002
----------------------------------------------------------------
average        :          0.137          0.203          0.222
BEST ITER: 3100


eval start!

################################################################
what           :             AP           AP50           AP25
################################################################
construction+sky:          0.710          0.791          0.807
object         :          0.015          0.029          0.034
nature         :          0.331          0.483          0.519
human          :          0.278          0.594          0.679
vehicle        :          0.546          0.777          0.829
----------------------------------------------------------------
average        :          0.376          0.535          0.573

iteration: 3310 loss: 15.769390201568603 loss_l: 5.038922500610352 loss_m: 5.318394756317138 loss_s: 5.412073087692261
iteration: 3320 loss: 16.047552394866944 loss_l: 5.153323602676392 loss_m: 5.40230884552002 loss_s: 5.491920280456543
iteration: 3330 loss: 16.033047103881835 loss_l: 5.166008186340332 loss_m: 5.414873361587524 loss_s: 5.452165222167968
iteration: 3340 loss: 15.984457778930665 loss_l: 5.1513372421264645 loss_m: 5.385999774932861 loss_s: 5.447120571136475
iteration: 3350 loss: 15.752990245819092 loss_l: 5.04522738456726 loss_m: 5.312497806549072 loss_s: 5.395265007019043
iteration: 3360 loss: 15.691626071929932 loss_l: 5.0218870639801025 loss_m: 5.310991191864014 loss_s: 5.3587480068206785
iteration: 3370 loss: 15.864396953582764 loss_l: 5.094862222671509 loss_m: 5.356906461715698 loss_s: 5.412628126144409
iteration: 3380 loss: 15.956858062744141 loss_l: 5.132863330841064 loss_m: 5.363295316696167 loss_s: 5.460699272155762
iteration: 3390 loss: 15.835112380981446 loss_l: 5.097375154495239 loss_m: 5.338895845413208 loss_s: 5.398841619491577
iteration: 3400 loss: 15.951545715332031 loss_l: 5.130907773971558 loss_m: 5.4089305877685545 loss_s: 5.4117073059082035
eval start!

################################################################
what           :             AP           AP50           AP25
################################################################
building       :          0.312          0.429          0.461
fence          :          0.054          0.080          0.091
pole           :          0.142          0.284          0.373
traffic light  :          0.052          0.121          0.164
traffic sign   :          0.164          0.277          0.294
vegetation     :          0.519          0.600          0.609
person         :          0.194          0.315          0.320
rider          :          0.002          0.002          0.002
car            :          0.353          0.532          0.568
truck          :          0.056          0.092          0.096
bus            :          0.008          0.008          0.008
train          :          0.000          0.000          0.000
motorcycle     :          0.001          0.001          0.001
bicycle        :          0.002          0.002          0.002
----------------------------------------------------------------
average        :          0.133          0.196          0.213
BEST ITER: 3100


eval start!

################################################################
what           :             AP           AP50           AP25
################################################################
construction+sky:          0.704          0.778          0.792
object         :          0.013          0.024          0.028
nature         :          0.336          0.490          0.528
human          :          0.277          0.576          0.642
vehicle        :          0.559          0.791          0.844
----------------------------------------------------------------
average        :          0.378          0.532          0.567

iteration: 3410 loss: 15.953164100646973 loss_l: 5.118845653533936 loss_m: 5.38702163696289 loss_s: 5.447296810150147
iteration: 3420 loss: 15.983844184875489 loss_l: 5.159266948699951 loss_m: 5.387954664230347 loss_s: 5.436622667312622
iteration: 3430 loss: 15.973727130889893 loss_l: 5.134868192672729 loss_m: 5.380990648269654 loss_s: 5.457868337631226
iteration: 3440 loss: 15.800524997711182 loss_l: 5.0549126148223875 loss_m: 5.334651803970337 loss_s: 5.4109608173370365
iteration: 3450 loss: 15.946830749511719 loss_l: 5.110172271728516 loss_m: 5.402448940277099 loss_s: 5.43420991897583
iteration: 3460 loss: 15.805144691467286 loss_l: 5.070350408554077 loss_m: 5.341915798187256 loss_s: 5.392878627777099
iteration: 3470 loss: 15.941019821166993 loss_l: 5.157650136947632 loss_m: 5.359315633773804 loss_s: 5.424053955078125
iteration: 3480 loss: 16.002311134338377 loss_l: 5.157285928726196 loss_m: 5.3832906723022464 loss_s: 5.461734437942505
iteration: 3490 loss: 15.843833827972412 loss_l: 5.104140853881836 loss_m: 5.342443990707397 loss_s: 5.3972491264343265
iteration: 3500 loss: 15.80825490951538 loss_l: 5.068811845779419 loss_m: 5.332099390029907 loss_s: 5.40734338760376
eval start!

################################################################
what           :             AP           AP50           AP25
################################################################
building       :          0.309          0.425          0.457
fence          :          0.060          0.092          0.105
pole           :          0.153          0.305          0.393
traffic light  :          0.129          0.279          0.330
traffic sign   :          0.169          0.280          0.296
vegetation     :          0.524          0.613          0.625
person         :          0.184          0.296          0.302
rider          :          0.002          0.002          0.002
car            :          0.376          0.569          0.606
truck          :          0.065          0.108          0.116
bus            :          0.008          0.008          0.008
train          :          0.000          0.000          0.000
motorcycle     :          0.001          0.001          0.001
bicycle        :          0.008          0.017          0.017
----------------------------------------------------------------
average        :          0.142          0.214          0.233
BEST ITER: 3500


eval start!

################################################################
what           :             AP           AP50           AP25
################################################################
construction+sky:          0.703          0.779          0.793
object         :          0.014          0.025          0.029
nature         :          0.331          0.481          0.518
human          :          0.259          0.561          0.635
vehicle        :          0.550          0.780          0.833
----------------------------------------------------------------
average        :          0.371          0.525          0.562

iteration: 3510 loss: 15.93351879119873 loss_l: 5.095630693435669 loss_m: 5.385927724838257 loss_s: 5.451960182189941
iteration: 3520 loss: 16.00869607925415 loss_l: 5.141398859024048 loss_m: 5.391823577880859 loss_s: 5.475473356246948
iteration: 3530 loss: 15.886163520812989 loss_l: 5.122594690322876 loss_m: 5.352340936660767 loss_s: 5.41122784614563
iteration: 3540 loss: 15.78775234222412 loss_l: 5.08388843536377 loss_m: 5.335422801971435 loss_s: 5.368441247940064
iteration: 3550 loss: 15.846517562866211 loss_l: 5.077276659011841 loss_m: 5.352790260314942 loss_s: 5.416450262069702
iteration: 3560 loss: 15.99043254852295 loss_l: 5.157923841476441 loss_m: 5.386400985717773 loss_s: 5.4461079120635985
iteration: 3570 loss: 15.755209159851074 loss_l: 5.042790126800537 loss_m: 5.331982231140136 loss_s: 5.380436706542969
iteration: 3580 loss: 15.865946865081787 loss_l: 5.089869832992553 loss_m: 5.357085561752319 loss_s: 5.418991470336914
iteration: 3590 loss: 15.976376247406005 loss_l: 5.156828117370606 loss_m: 5.36923656463623 loss_s: 5.450311613082886
iteration: 3600 loss: 15.752576446533203 loss_l: 5.07158350944519 loss_m: 5.317320728302002 loss_s: 5.3636720180511475
eval start!

################################################################
what           :             AP           AP50           AP25
################################################################
building       :          0.309          0.425          0.456
fence          :          0.056          0.085          0.099
pole           :          0.133          0.265          0.347
traffic light  :          0.105          0.240          0.295
traffic sign   :          0.176          0.292          0.307
vegetation     :          0.517          0.600          0.611
person         :          0.181          0.291          0.297
rider          :          0.002          0.002          0.002
car            :          0.319          0.483          0.518
truck          :          0.056          0.091          0.097
bus            :          0.008          0.008          0.008
train          :          0.000          0.000          0.000
motorcycle     :          0.001          0.001          0.001
bicycle        :          0.032          0.067          0.067
----------------------------------------------------------------
average        :          0.135          0.204          0.222
BEST ITER: 3500


eval start!

################################################################
what           :             AP           AP50           AP25
################################################################
construction+sky:          0.703          0.779          0.794
object         :          0.014          0.026          0.031
nature         :          0.326          0.472          0.509
human          :          0.240          0.542          0.619
vehicle        :          0.554          0.785          0.839
----------------------------------------------------------------
average        :          0.368          0.521          0.558

iteration: 3610 loss: 15.64161787033081 loss_l: 5.014100837707519 loss_m: 5.273069572448731 loss_s: 5.354447746276856
iteration: 3620 loss: 15.969720840454102 loss_l: 5.093513059616089 loss_m: 5.406042814254761 loss_s: 5.470164728164673
iteration: 3630 loss: 15.701196098327637 loss_l: 5.047511100769043 loss_m: 5.309916162490845 loss_s: 5.343769121170044
iteration: 3640 loss: 15.938479900360107 loss_l: 5.127322340011597 loss_m: 5.373193693161011 loss_s: 5.437963819503784
iteration: 3650 loss: 15.730890464782714 loss_l: 5.053760623931884 loss_m: 5.289376735687256 loss_s: 5.387752962112427
iteration: 3660 loss: 15.899840354919434 loss_l: 5.089364719390869 loss_m: 5.377434158325196 loss_s: 5.433041048049927
iteration: 3670 loss: 15.813920402526856 loss_l: 5.058863306045533 loss_m: 5.337746715545654 loss_s: 5.417310523986816
iteration: 3680 loss: 15.69613094329834 loss_l: 5.014192342758179 loss_m: 5.320315599441528 loss_s: 5.361623287200928
iteration: 3690 loss: 15.706770420074463 loss_l: 5.025574731826782 loss_m: 5.300128173828125 loss_s: 5.381067228317261
iteration: 3700 loss: 15.948777389526366 loss_l: 5.132285070419312 loss_m: 5.38329668045044 loss_s: 5.4331955909729
eval start!

################################################################
what           :             AP           AP50           AP25
################################################################
building       :          0.316          0.433          0.465
fence          :          0.059          0.092          0.105
pole           :          0.123          0.232          0.294
traffic light  :          0.055          0.125          0.168
traffic sign   :          0.179          0.303          0.322
vegetation     :          0.516          0.594          0.603
person         :          0.194          0.316          0.321
rider          :          0.002          0.002          0.002
car            :          0.360          0.557          0.598
truck          :          0.068          0.110          0.114
bus            :          0.008          0.008          0.008
train          :          0.000          0.000          0.000
motorcycle     :          0.001          0.001          0.001
bicycle        :          0.024          0.063          0.063
----------------------------------------------------------------
average        :          0.136          0.203          0.219
BEST ITER: 3500


eval start!

################################################################
what           :             AP           AP50           AP25
################################################################
construction+sky:          0.705          0.781          0.796
object         :          0.014          0.028          0.032
nature         :          0.338          0.489          0.525
human          :          0.281          0.612          0.696
vehicle        :          0.530          0.752          0.806
----------------------------------------------------------------
average        :          0.374          0.532          0.571

iteration: 3710 loss: 15.836411666870116 loss_l: 5.072465610504151 loss_m: 5.3554762840271 loss_s: 5.408470344543457
iteration: 3720 loss: 15.870703887939452 loss_l: 5.079588508605957 loss_m: 5.361370849609375 loss_s: 5.42974443435669
iteration: 3730 loss: 15.892302799224854 loss_l: 5.129222249984741 loss_m: 5.363530492782592 loss_s: 5.399550104141236
iteration: 3740 loss: 15.96914463043213 loss_l: 5.150967121124268 loss_m: 5.378462219238282 loss_s: 5.439715194702148
iteration: 3750 loss: 15.81546516418457 loss_l: 5.082359838485718 loss_m: 5.32437915802002 loss_s: 5.408726215362549
iteration: 3760 loss: 16.016350555419923 loss_l: 5.15912389755249 loss_m: 5.393285703659058 loss_s: 5.463940763473511
iteration: 3770 loss: 15.675786018371582 loss_l: 5.0366168975830075 loss_m: 5.297608280181885 loss_s: 5.341560697555542
iteration: 3780 loss: 15.934312629699708 loss_l: 5.128282308578491 loss_m: 5.376919507980347 loss_s: 5.429110813140869
iteration: 3790 loss: 15.72809715270996 loss_l: 5.062849473953247 loss_m: 5.290621900558472 loss_s: 5.374625635147095
iteration: 3800 loss: 15.81852855682373 loss_l: 5.085308027267456 loss_m: 5.348383951187134 loss_s: 5.384836626052857
eval start!

################################################################
what           :             AP           AP50           AP25
################################################################
building       :          0.308          0.423          0.454
fence          :          0.055          0.082          0.095
pole           :          0.134          0.268          0.353
traffic light  :          0.118          0.251          0.314
traffic sign   :          0.183          0.299          0.313
vegetation     :          0.517          0.602          0.613
person         :          0.182          0.286          0.292
rider          :          0.002          0.002          0.002
car            :          0.373          0.570          0.609
truck          :          0.065          0.109          0.114
bus            :          0.008          0.008          0.008
train          :          0.000          0.000          0.000
motorcycle     :          0.001          0.001          0.001
bicycle        :          0.011          0.017          0.017
----------------------------------------------------------------
average        :          0.140          0.208          0.228
BEST ITER: 3500


eval start!

################################################################
what           :             AP           AP50           AP25
################################################################
construction+sky:          0.712          0.795          0.810
object         :          0.014          0.024          0.026
nature         :          0.339          0.498          0.536
human          :          0.277          0.603          0.691
vehicle        :          0.558          0.791          0.844
----------------------------------------------------------------
average        :          0.380          0.542          0.582

iteration: 3810 loss: 15.943772029876708 loss_l: 5.147173881530762 loss_m: 5.354325294494629 loss_s: 5.4422728538513185
iteration: 3820 loss: 15.861355018615722 loss_l: 5.073671436309814 loss_m: 5.332726001739502 loss_s: 5.454957771301269
iteration: 3830 loss: 15.834681987762451 loss_l: 5.073487138748169 loss_m: 5.355646705627441 loss_s: 5.405548095703125
iteration: 3840 loss: 15.877835083007813 loss_l: 5.091917848587036 loss_m: 5.366411828994751 loss_s: 5.419505405426025
iteration: 3850 loss: 15.724079704284668 loss_l: 5.045506000518799 loss_m: 5.296844053268432 loss_s: 5.381729602813721
iteration: 3860 loss: 15.76655969619751 loss_l: 5.057558965682984 loss_m: 5.3263444900512695 loss_s: 5.382656240463257
iteration: 3870 loss: 15.668082427978515 loss_l: 5.024735689163208 loss_m: 5.286695146560669 loss_s: 5.356651639938354
iteration: 3880 loss: 15.826643657684325 loss_l: 5.068087768554688 loss_m: 5.365552568435669 loss_s: 5.39300389289856
iteration: 3890 loss: 15.812959289550781 loss_l: 5.106741428375244 loss_m: 5.323036527633667 loss_s: 5.383181524276734
iteration: 3900 loss: 15.674340629577637 loss_l: 5.067321538925171 loss_m: 5.283466958999634 loss_s: 5.323552227020263
eval start!

################################################################
what           :             AP           AP50           AP25
################################################################
building       :          0.309          0.423          0.455
fence          :          0.070          0.116          0.134
pole           :          0.131          0.266          0.362
traffic light  :          0.082          0.201          0.257
traffic sign   :          0.176          0.300          0.318
vegetation     :          0.516          0.597          0.608
person         :          0.184          0.292          0.298
rider          :          0.002          0.002          0.002
car            :          0.379          0.578          0.615
truck          :          0.071          0.117          0.121
bus            :          0.008          0.008          0.008
train          :          0.000          0.000          0.000
motorcycle     :          0.001          0.001          0.001
bicycle        :          0.015          0.025          0.025
----------------------------------------------------------------
average        :          0.139          0.209          0.229
BEST ITER: 3500


eval start!

################################################################
what           :             AP           AP50           AP25
################################################################
construction+sky:          0.701          0.783          0.800
object         :          0.014          0.027          0.030
nature         :          0.356          0.512          0.548
human          :          0.229          0.501          0.556
vehicle        :          0.520          0.738          0.791
----------------------------------------------------------------
average        :          0.364          0.512          0.545

iteration: 3910 loss: 15.874647426605225 loss_l: 5.076824045181274 loss_m: 5.366969728469849 loss_s: 5.43085355758667
iteration: 3920 loss: 15.705131435394287 loss_l: 5.0272376537323 loss_m: 5.30239839553833 loss_s: 5.375495195388794
iteration: 3930 loss: 15.802308654785156 loss_l: 5.0730701923370365 loss_m: 5.32728796005249 loss_s: 5.401950311660767
iteration: 3940 loss: 15.731737327575683 loss_l: 5.068313026428223 loss_m: 5.30055341720581 loss_s: 5.362870740890503
iteration: 3950 loss: 15.732211780548095 loss_l: 5.070478916168213 loss_m: 5.301777410507202 loss_s: 5.35995569229126
iteration: 3960 loss: 15.824750614166259 loss_l: 5.087081384658814 loss_m: 5.332059097290039 loss_s: 5.405609560012818
iteration: 3970 loss: 15.857421875 loss_l: 5.059362936019897 loss_m: 5.37015323638916 loss_s: 5.427905750274658
iteration: 3980 loss: 15.779143619537354 loss_l: 5.066338205337525 loss_m: 5.325530862808227 loss_s: 5.387274885177613
iteration: 3990 loss: 15.749826526641845 loss_l: 5.052398252487182 loss_m: 5.301296854019165 loss_s: 5.396131420135498
iteration: 4000 loss: 15.716927242279052 loss_l: 5.062831735610962 loss_m: 5.291665935516358 loss_s: 5.362429761886597
eval start!

################################################################
what           :             AP           AP50           AP25
################################################################
building       :          0.322          0.446          0.479
fence          :          0.069          0.113          0.131
pole           :          0.132          0.258          0.339
traffic light  :          0.051          0.128          0.166
traffic sign   :          0.183          0.311          0.327
vegetation     :          0.524          0.620          0.634
person         :          0.194          0.311          0.317
rider          :          0.002          0.002          0.002
car            :          0.374          0.578          0.617
truck          :          0.068          0.106          0.110
bus            :          0.008          0.008          0.008
train          :          0.000          0.000          0.000
motorcycle     :          0.001          0.001          0.001
bicycle        :          0.005          0.010          0.010
----------------------------------------------------------------
average        :          0.138          0.207          0.224
BEST ITER: 3500


eval start!

################################################################
what           :             AP           AP50           AP25
################################################################
construction+sky:          0.704          0.772          0.784
object         :          0.014          0.026          0.030
nature         :          0.317          0.458          0.494
human          :          0.276          0.603          0.695
vehicle        :          0.528          0.749          0.801
----------------------------------------------------------------
average        :          0.368          0.521          0.561

iteration: 4010 loss: 15.780194282531738 loss_l: 5.062818288803101 loss_m: 5.324078607559204 loss_s: 5.393296909332276
iteration: 4020 loss: 15.519891452789306 loss_l: 4.9667826175689695 loss_m: 5.245100259780884 loss_s: 5.308008193969727
iteration: 4030 loss: 15.836459350585937 loss_l: 5.098084449768066 loss_m: 5.3373706340789795 loss_s: 5.401004505157471
iteration: 4040 loss: 15.658436298370361 loss_l: 5.021131277084351 loss_m: 5.280065679550171 loss_s: 5.3572393417358395
iteration: 4050 loss: 15.614134597778321 loss_l: 5.019358968734741 loss_m: 5.264215183258057 loss_s: 5.3305604457855225
iteration: 4060 loss: 15.662124824523925 loss_l: 5.016404390335083 loss_m: 5.3044877529144285 loss_s: 5.341232538223267
iteration: 4070 loss: 15.74324073791504 loss_l: 5.05653944015503 loss_m: 5.3288239479064945 loss_s: 5.357877349853515
iteration: 4080 loss: 15.754642486572266 loss_l: 5.058749675750732 loss_m: 5.319984436035156 loss_s: 5.375908422470093
iteration: 4090 loss: 15.64403839111328 loss_l: 5.028194999694824 loss_m: 5.2865242004394535 loss_s: 5.329318952560425
iteration: 4100 loss: 15.661054801940917 loss_l: 5.013338279724121 loss_m: 5.292344951629639 loss_s: 5.355371475219727
eval start!

################################################################
what           :             AP           AP50           AP25
################################################################
building       :          0.303          0.415          0.446
fence          :          0.061          0.096          0.111
pole           :          0.124          0.238          0.315
traffic light  :          0.046          0.117          0.155
traffic sign   :          0.174          0.289          0.304
vegetation     :          0.518          0.602          0.614
person         :          0.196          0.315          0.321
rider          :          0.002          0.002          0.002
car            :          0.383          0.589          0.628
truck          :          0.072          0.115          0.120
bus            :          0.008          0.008          0.008
train          :          0.000          0.000          0.000
motorcycle     :          0.001          0.001          0.001
bicycle        :          0.011          0.017          0.017
----------------------------------------------------------------
average        :          0.136          0.200          0.217
BEST ITER: 3500


eval start!

################################################################
what           :             AP           AP50           AP25
################################################################
construction+sky:          0.706          0.793          0.811
object         :          0.015          0.029          0.033
nature         :          0.363          0.523          0.559
human          :          0.275          0.592          0.669
vehicle        :          0.526          0.748          0.802
----------------------------------------------------------------
average        :          0.377          0.537          0.575

iteration: 4110 loss: 15.700875854492187 loss_l: 5.023280096054077 loss_m: 5.2844822883605955 loss_s: 5.393113613128662
iteration: 4120 loss: 15.677218532562256 loss_l: 5.008517265319824 loss_m: 5.303518056869507 loss_s: 5.365183115005493
iteration: 4130 loss: 15.831861591339111 loss_l: 5.077273321151734 loss_m: 5.3464008331298825 loss_s: 5.408187294006348
iteration: 4140 loss: 15.871903038024902 loss_l: 5.102818298339844 loss_m: 5.362412309646606 loss_s: 5.406672763824463
iteration: 4150 loss: 15.78195924758911 loss_l: 5.053300523757935 loss_m: 5.3200640201568605 loss_s: 5.408594608306885
iteration: 4160 loss: 15.67995023727417 loss_l: 5.0168046951293945 loss_m: 5.2872637748718265 loss_s: 5.375882148742676
iteration: 4170 loss: 15.842175960540771 loss_l: 5.081859874725342 loss_m: 5.343795824050903 loss_s: 5.416520404815674
iteration: 4180 loss: 15.655791759490967 loss_l: 5.02041711807251 loss_m: 5.292993450164795 loss_s: 5.342380857467651
iteration: 4190 loss: 15.542700004577636 loss_l: 4.9535253047943115 loss_m: 5.271549844741822 loss_s: 5.317625093460083
iteration: 4200 loss: 15.78314790725708 loss_l: 5.0967700481414795 loss_m: 5.307191705703735 loss_s: 5.379185724258423
eval start!

################################################################
what           :             AP           AP50           AP25
################################################################
building       :          0.299          0.407          0.438
fence          :          0.062          0.095          0.107
pole           :          0.132          0.262          0.352
traffic light  :          0.124          0.278          0.347
traffic sign   :          0.196          0.312          0.327
vegetation     :          0.520          0.606          0.617
person         :          0.189          0.301          0.306
rider          :          0.002          0.002          0.002
car            :          0.385          0.577          0.612
truck          :          0.071          0.122          0.129
bus            :          0.008          0.008          0.008
train          :          0.000          0.000          0.000
motorcycle     :          0.001          0.001          0.001
bicycle        :          0.023          0.041          0.041
----------------------------------------------------------------
average        :          0.144          0.215          0.235
BEST ITER: 4200


eval start!

################################################################
what           :             AP           AP50           AP25
################################################################
construction+sky:          0.700          0.784          0.802
object         :          0.013          0.025          0.028
nature         :          0.371          0.537          0.571
human          :          0.274          0.598          0.683
vehicle        :          0.550          0.780          0.833
----------------------------------------------------------------
average        :          0.381          0.545          0.584

iteration: 4210 loss: 15.799155807495117 loss_l: 5.074979686737061 loss_m: 5.341541433334351 loss_s: 5.382634449005127
iteration: 4220 loss: 15.88239278793335 loss_l: 5.090109348297119 loss_m: 5.36170539855957 loss_s: 5.430578088760376
iteration: 4230 loss: 15.773559188842773 loss_l: 5.0681517124176025 loss_m: 5.317775917053223 loss_s: 5.38763165473938
iteration: 4240 loss: 15.66152286529541 loss_l: 5.010549116134643 loss_m: 5.280353736877442 loss_s: 5.3706199645996096
iteration: 4250 loss: 15.768041515350342 loss_l: 5.0432532787322994 loss_m: 5.311558055877685 loss_s: 5.413230037689209
iteration: 4260 loss: 15.825549125671387 loss_l: 5.064606666564941 loss_m: 5.341770792007447 loss_s: 5.419172143936157
iteration: 4270 loss: 15.794064140319824 loss_l: 5.08643651008606 loss_m: 5.325990772247314 loss_s: 5.381637048721314
iteration: 4280 loss: 15.704514980316162 loss_l: 5.05172758102417 loss_m: 5.290393972396851 loss_s: 5.362393379211426
iteration: 4290 loss: 15.54488525390625 loss_l: 4.957397937774658 loss_m: 5.26404037475586 loss_s: 5.323446941375733
iteration: 4300 loss: 15.778262901306153 loss_l: 5.027512693405152 loss_m: 5.346693849563598 loss_s: 5.404056406021118
eval start!

################################################################
what           :             AP           AP50           AP25
################################################################
building       :          0.327          0.454          0.488
fence          :          0.067          0.110          0.127
pole           :          0.138          0.277          0.374
traffic light  :          0.070          0.153          0.198
traffic sign   :          0.181          0.302          0.318
vegetation     :          0.532          0.641          0.656
person         :          0.182          0.288          0.294
rider          :          0.002          0.002          0.002
car            :          0.381          0.579          0.617
truck          :          0.064          0.103          0.107
bus            :          0.008          0.008          0.008
train          :          0.000          0.000          0.000
motorcycle     :          0.001          0.001          0.001
bicycle        :          0.014          0.023          0.023
----------------------------------------------------------------
average        :          0.141          0.210          0.230
BEST ITER: 4200


eval start!

################################################################
what           :             AP           AP50           AP25
################################################################
construction+sky:          0.711          0.793          0.809
object         :          0.014          0.026          0.031
nature         :          0.342          0.500          0.538
human          :          0.278          0.604          0.693
vehicle        :          0.541          0.769          0.822
----------------------------------------------------------------
average        :          0.377          0.538          0.578

iteration: 4310 loss: 15.78444709777832 loss_l: 5.045661067962646 loss_m: 5.3500292778015135 loss_s: 5.388756847381591
iteration: 4320 loss: 15.988440418243409 loss_l: 5.1583164691925045 loss_m: 5.388124179840088 loss_s: 5.442000198364258
iteration: 4330 loss: 15.779975509643554 loss_l: 5.070675230026245 loss_m: 5.315086507797242 loss_s: 5.394214010238647
iteration: 4340 loss: 15.516967868804931 loss_l: 4.973598670959473 loss_m: 5.229800176620484 loss_s: 5.313569068908691
iteration: 4350 loss: 15.719042491912841 loss_l: 5.0570793628692625 loss_m: 5.303411149978638 loss_s: 5.358552026748657
iteration: 4360 loss: 15.690855026245117 loss_l: 5.015143632888794 loss_m: 5.3159997940063475 loss_s: 5.359711408615112
iteration: 4370 loss: 15.747254180908204 loss_l: 5.053199195861817 loss_m: 5.306453037261963 loss_s: 5.387602090835571
iteration: 4380 loss: 15.64945182800293 loss_l: 4.9969117641448975 loss_m: 5.295940160751343 loss_s: 5.356599950790406
iteration: 4390 loss: 15.501650333404541 loss_l: 4.927922487258911 loss_m: 5.253965568542481 loss_s: 5.319762420654297
iteration: 4400 loss: 15.690088748931885 loss_l: 5.0376184463500975 loss_m: 5.29415192604065 loss_s: 5.358318185806274
eval start!

################################################################
what           :             AP           AP50           AP25
################################################################
building       :          0.301          0.412          0.443
fence          :          0.067          0.109          0.128
pole           :          0.126          0.249          0.336
traffic light  :          0.101          0.219          0.268
traffic sign   :          0.195          0.316          0.331
vegetation     :          0.511          0.589          0.599
person         :          0.182          0.286          0.291
rider          :          0.002          0.002          0.002
car            :          0.365          0.564          0.603
truck          :          0.066          0.103          0.108
bus            :          0.008          0.008          0.008
train          :          0.000          0.000          0.000
motorcycle     :          0.001          0.001          0.001
bicycle        :          0.002          0.002          0.002
----------------------------------------------------------------
average        :          0.138          0.204          0.223
BEST ITER: 4200


eval start!

################################################################
what           :             AP           AP50           AP25
################################################################
construction+sky:          0.707          0.780          0.794
object         :          0.015          0.026          0.030
nature         :          0.326          0.472          0.508
human          :          0.266          0.576          0.661
vehicle        :          0.532          0.756          0.808
----------------------------------------------------------------
average        :          0.369          0.522          0.560

iteration: 4410 loss: 15.759155654907227 loss_l: 5.062458896636963 loss_m: 5.314219045639038 loss_s: 5.3824779987335205
iteration: 4420 loss: 15.700642204284668 loss_l: 5.0483677864074705 loss_m: 5.303728437423706 loss_s: 5.348546266555786
iteration: 4430 loss: 15.673298454284668 loss_l: 5.044857501983643 loss_m: 5.306183099746704 loss_s: 5.32225775718689
iteration: 4440 loss: 15.666365146636963 loss_l: 5.042796850204468 loss_m: 5.29938063621521 loss_s: 5.3241876602172855
iteration: 4450 loss: 15.69531421661377 loss_l: 5.038130903244019 loss_m: 5.300202512741089 loss_s: 5.356980895996093
iteration: 4460 loss: 15.764709663391113 loss_l: 5.05821967124939 loss_m: 5.301684951782226 loss_s: 5.404805088043213
iteration: 4470 loss: 15.523183822631836 loss_l: 4.959081935882568 loss_m: 5.256182670593262 loss_s: 5.307919216156006
iteration: 4480 loss: 15.693572235107421 loss_l: 5.027156591415405 loss_m: 5.294304132461548 loss_s: 5.3721116065979
iteration: 4490 loss: 15.696382522583008 loss_l: 5.033456945419312 loss_m: 5.298407697677613 loss_s: 5.364518070220948
iteration: 4500 loss: 15.717057514190675 loss_l: 5.0423572063446045 loss_m: 5.314040899276733 loss_s: 5.360659742355347
eval start!

################################################################
what           :             AP           AP50           AP25
################################################################
building       :          0.307          0.422          0.454
fence          :          0.064          0.103          0.120
pole           :          0.128          0.253          0.346
traffic light  :          0.106          0.246          0.306
traffic sign   :          0.166          0.273          0.288
vegetation     :          0.519          0.605          0.617
person         :          0.190          0.305          0.310
rider          :          0.002          0.002          0.002
car            :          0.379          0.584          0.624
truck          :          0.070          0.108          0.111
bus            :          0.008          0.008          0.008
train          :          0.000          0.000          0.000
motorcycle     :          0.001          0.001          0.001
bicycle        :          0.004          0.005          0.005
----------------------------------------------------------------
average        :          0.139          0.208          0.228
BEST ITER: 4200


eval start!

################################################################
what           :             AP           AP50           AP25
################################################################
construction+sky:          0.710          0.785          0.799
object         :          0.014          0.025          0.030
nature         :          0.330          0.480          0.517
human          :          0.273          0.606          0.698
vehicle        :          0.559          0.790          0.843
----------------------------------------------------------------
average        :          0.377          0.537          0.577

iteration: 4510 loss: 15.731679916381836 loss_l: 5.042353010177612 loss_m: 5.325671434402466 loss_s: 5.363655138015747
iteration: 4520 loss: 15.813050937652587 loss_l: 5.088158464431762 loss_m: 5.327061176300049 loss_s: 5.397831058502197
iteration: 4530 loss: 15.5428297996521 loss_l: 4.988077974319458 loss_m: 5.241829061508179 loss_s: 5.312922811508178
iteration: 4540 loss: 15.780667591094971 loss_l: 5.059572362899781 loss_m: 5.33757586479187 loss_s: 5.383519315719605
iteration: 4550 loss: 15.773516845703124 loss_l: 5.085555601119995 loss_m: 5.311015033721924 loss_s: 5.37694616317749
iteration: 4560 loss: 15.597496891021729 loss_l: 5.016286945343017 loss_m: 5.255263423919677 loss_s: 5.325946235656739
iteration: 4570 loss: 15.739473628997803 loss_l: 5.046731948852539 loss_m: 5.325775957107544 loss_s: 5.36696572303772
iteration: 4580 loss: 15.594363975524903 loss_l: 4.987158107757568 loss_m: 5.272227716445923 loss_s: 5.334978246688843
iteration: 4590 loss: 15.64612693786621 loss_l: 5.030010557174682 loss_m: 5.278261137008667 loss_s: 5.337855243682862
iteration: 4600 loss: 15.610195064544678 loss_l: 4.997915649414063 loss_m: 5.257033205032348 loss_s: 5.355246543884277
eval start!

################################################################
what           :             AP           AP50           AP25
################################################################
building       :          0.318          0.440          0.473
fence          :          0.066          0.107          0.123
pole           :          0.131          0.264          0.358
traffic light  :          0.072          0.163          0.210
traffic sign   :          0.188          0.304          0.317
vegetation     :          0.528          0.632          0.647
person         :          0.183          0.289          0.295
rider          :          0.002          0.002          0.002
car            :          0.380          0.582          0.621
truck          :          0.070          0.109          0.113
bus            :          0.008          0.008          0.008
train          :          0.000          0.000          0.000
motorcycle     :          0.001          0.001          0.001
bicycle        :          0.015          0.026          0.026
----------------------------------------------------------------
average        :          0.140          0.209          0.228
BEST ITER: 4200


eval start!

################################################################
what           :             AP           AP50           AP25
################################################################
construction+sky:          0.709          0.790          0.805
object         :          0.012          0.022          0.026
nature         :          0.343          0.504          0.542
human          :          0.275          0.605          0.693
vehicle        :          0.555          0.787          0.840
----------------------------------------------------------------
average        :          0.379          0.541          0.581

iteration: 4610 loss: 15.52981424331665 loss_l: 4.9833441257476805 loss_m: 5.233715391159057 loss_s: 5.312754678726196
iteration: 4620 loss: 15.906119918823242 loss_l: 5.133869886398315 loss_m: 5.339178133010864 loss_s: 5.433071708679199
iteration: 4630 loss: 15.650905227661132 loss_l: 4.981408929824829 loss_m: 5.321376514434815 loss_s: 5.348119449615479
iteration: 4640 loss: 15.715829467773437 loss_l: 5.030183887481689 loss_m: 5.309434270858764 loss_s: 5.37621169090271
iteration: 4650 loss: 15.583679008483887 loss_l: 5.000517845153809 loss_m: 5.245992231369018 loss_s: 5.337168788909912
iteration: 4660 loss: 15.610744857788086 loss_l: 4.971968030929565 loss_m: 5.307496500015259 loss_s: 5.331280040740967
iteration: 4670 loss: 15.759890460968018 loss_l: 5.075102758407593 loss_m: 5.331353950500488 loss_s: 5.353433609008789
iteration: 4680 loss: 15.661139678955077 loss_l: 5.001064300537109 loss_m: 5.30012617111206 loss_s: 5.359949064254761
iteration: 4690 loss: 15.688557338714599 loss_l: 5.0032697200775145 loss_m: 5.3032129287719725 loss_s: 5.3820747375488285
iteration: 4700 loss: 15.64729175567627 loss_l: 5.029308652877807 loss_m: 5.261761999130249 loss_s: 5.3562205791473385
eval start!

################################################################
what           :             AP           AP50           AP25
################################################################
building       :          0.292          0.396          0.426
fence          :          0.060          0.094          0.109
pole           :          0.139          0.277          0.364
traffic light  :          0.086          0.189          0.232
traffic sign   :          0.195          0.310          0.324
vegetation     :          0.516          0.596          0.606
person         :          0.210          0.339          0.346
rider          :          0.002          0.002          0.002
car            :          0.382          0.573          0.608
truck          :          0.065          0.101          0.105
bus            :          0.008          0.008          0.008
train          :          0.000          0.000          0.000
motorcycle     :          0.001          0.001          0.001
bicycle        :          0.040          0.114          0.114
----------------------------------------------------------------
average        :          0.142          0.214          0.232
BEST ITER: 4200


eval start!

################################################################
what           :             AP           AP50           AP25
################################################################
construction+sky:          0.704          0.781          0.796
object         :          0.014          0.026          0.030
nature         :          0.342          0.498          0.536
human          :          0.295          0.639          0.731
vehicle        :          0.535          0.759          0.811
----------------------------------------------------------------
average        :          0.378          0.541          0.581

iteration: 4710 loss: 15.69907283782959 loss_l: 5.0473957538604735 loss_m: 5.299628686904907 loss_s: 5.352047872543335
iteration: 4720 loss: 15.558352279663087 loss_l: 5.014758920669555 loss_m: 5.22162971496582 loss_s: 5.321963834762573
iteration: 4730 loss: 15.691328144073486 loss_l: 5.0394493579864506 loss_m: 5.29823784828186 loss_s: 5.353641223907471
iteration: 4740 loss: 15.671475028991699 loss_l: 5.028471374511719 loss_m: 5.28629469871521 loss_s: 5.356709051132202
iteration: 4750 loss: 15.660667037963867 loss_l: 5.029607486724854 loss_m: 5.283958530426025 loss_s: 5.347101020812988
iteration: 4760 loss: 15.63704481124878 loss_l: 5.006802892684936 loss_m: 5.2895832538604735 loss_s: 5.340658807754517
iteration: 4770 loss: 15.619244575500488 loss_l: 5.019248008728027 loss_m: 5.2707971096038815 loss_s: 5.3291994571685795
iteration: 4780 loss: 15.516706180572509 loss_l: 4.965741872787476 loss_m: 5.256593370437622 loss_s: 5.294370985031128
iteration: 4790 loss: 15.672364330291748 loss_l: 5.038795804977417 loss_m: 5.275083923339844 loss_s: 5.358484840393066
iteration: 4800 loss: 15.829182052612305 loss_l: 5.112883853912353 loss_m: 5.31226921081543 loss_s: 5.404029083251953
eval start!

################################################################
what           :             AP           AP50           AP25
################################################################
building       :          0.305          0.417          0.448
fence          :          0.058          0.090          0.106
pole           :          0.138          0.279          0.375
traffic light  :          0.087          0.196          0.250
traffic sign   :          0.173          0.277          0.290
vegetation     :          0.519          0.605          0.616
person         :          0.175          0.270          0.278
rider          :          0.002          0.002          0.002
car            :          0.375          0.560          0.595
truck          :          0.063          0.105          0.109
bus            :          0.008          0.008          0.008
train          :          0.000          0.000          0.000
motorcycle     :          0.001          0.001          0.001
bicycle        :          0.008          0.010          0.010
----------------------------------------------------------------
average        :          0.137          0.201          0.221
BEST ITER: 4200


eval start!

################################################################
what           :             AP           AP50           AP25
################################################################
construction+sky:          0.706          0.781          0.796
object         :          0.013          0.023          0.026
nature         :          0.336          0.491          0.529
human          :          0.282          0.611          0.703
vehicle        :          0.544          0.770          0.822
----------------------------------------------------------------
average        :          0.376          0.535          0.575

iteration: 4810 loss: 15.581761646270753 loss_l: 5.014420127868652 loss_m: 5.266935348510742 loss_s: 5.300406265258789
iteration: 4820 loss: 15.607991027832032 loss_l: 4.993127679824829 loss_m: 5.265638303756714 loss_s: 5.349225044250488
iteration: 4830 loss: 15.52488670349121 loss_l: 4.968692970275879 loss_m: 5.246725988388062 loss_s: 5.309467506408692
iteration: 4840 loss: 15.598333072662353 loss_l: 5.016475677490234 loss_m: 5.264361333847046 loss_s: 5.317495727539063
iteration: 4850 loss: 15.641427516937256 loss_l: 5.041651773452759 loss_m: 5.282092666625976 loss_s: 5.3176830291748045
iteration: 4860 loss: 15.557420539855958 loss_l: 4.933470582962036 loss_m: 5.267895174026489 loss_s: 5.356054830551147
iteration: 4870 loss: 15.471391487121583 loss_l: 4.953623580932617 loss_m: 5.218364286422729 loss_s: 5.29940357208252
iteration: 4880 loss: 15.497121906280517 loss_l: 4.97697696685791 loss_m: 5.21827540397644 loss_s: 5.301869344711304
iteration: 4890 loss: 15.650376415252685 loss_l: 5.046142625808716 loss_m: 5.27547059059143 loss_s: 5.32876296043396
iteration: 4900 loss: 15.474929523468017 loss_l: 4.943558645248413 loss_m: 5.229289817810058 loss_s: 5.302081155776977
eval start!

################################################################
what           :             AP           AP50           AP25
################################################################
building       :          0.307          0.421          0.452
fence          :          0.062          0.100          0.117
pole           :          0.131          0.264          0.360
traffic light  :          0.084          0.195          0.253
traffic sign   :          0.188          0.304          0.322
vegetation     :          0.516          0.598          0.608
person         :          0.183          0.288          0.293
rider          :          0.002          0.002          0.002
car            :          0.351          0.520          0.552
truck          :          0.059          0.098          0.104
bus            :          0.008          0.008          0.008
train          :          0.000          0.000          0.000
motorcycle     :          0.001          0.001          0.001
bicycle        :          0.010          0.018          0.018
----------------------------------------------------------------
average        :          0.136          0.201          0.221
BEST ITER: 4200


eval start!

################################################################
what           :             AP           AP50           AP25
################################################################
construction+sky:          0.703          0.775          0.789
object         :          0.015          0.027          0.032
nature         :          0.321          0.465          0.501
human          :          0.276          0.593          0.671
vehicle        :          0.538          0.764          0.817
----------------------------------------------------------------
average        :          0.370          0.525          0.562

iteration: 4910 loss: 15.516693592071533 loss_l: 4.9470264434814455 loss_m: 5.242281293869018 loss_s: 5.327385997772216
iteration: 4920 loss: 15.668997955322265 loss_l: 5.02000880241394 loss_m: 5.298522996902466 loss_s: 5.350466060638428
iteration: 4930 loss: 15.687895584106446 loss_l: 5.040148591995239 loss_m: 5.29132981300354 loss_s: 5.356416893005371
iteration: 4940 loss: 15.604927730560302 loss_l: 4.983067607879638 loss_m: 5.286378955841064 loss_s: 5.335481262207031
iteration: 4950 loss: 15.520182609558105 loss_l: 4.998476314544678 loss_m: 5.22984504699707 loss_s: 5.291861629486084
iteration: 4960 loss: 15.581420707702637 loss_l: 5.01562991142273 loss_m: 5.251016092300415 loss_s: 5.314774751663208
iteration: 4970 loss: 15.4779559135437 loss_l: 4.97431173324585 loss_m: 5.211481809616089 loss_s: 5.292162704467773
iteration: 4980 loss: 15.590353870391846 loss_l: 4.996358013153076 loss_m: 5.273028039932251 loss_s: 5.320967674255371
iteration: 4990 loss: 15.540414428710937 loss_l: 4.967033720016479 loss_m: 5.263376998901367 loss_s: 5.310003566741943
iteration: 5000 loss: 15.599364376068115 loss_l: 4.993759441375732 loss_m: 5.232815074920654 loss_s: 5.372789812088013
eval start!

################################################################
what           :             AP           AP50           AP25
################################################################
building       :          0.309          0.419          0.450
fence          :          0.062          0.100          0.117
pole           :          0.139          0.276          0.362
traffic light  :          0.076          0.169          0.213
traffic sign   :          0.154          0.259          0.273
vegetation     :          0.507          0.575          0.583
person         :          0.191          0.305          0.311
rider          :          0.002          0.002          0.002
car            :          0.349          0.522          0.555
truck          :          0.053          0.084          0.088
bus            :          0.008          0.008          0.008
train          :          0.000          0.000          0.000
motorcycle     :          0.001          0.001          0.001
bicycle        :          0.011          0.023          0.023
----------------------------------------------------------------
average        :          0.133          0.196          0.213
BEST ITER: 4200


eval start!

################################################################
what           :             AP           AP50           AP25
################################################################
construction+sky:          0.691          0.780          0.799
object         :          0.013          0.025          0.029
nature         :          0.347          0.490          0.521
human          :          0.287          0.643          0.724
vehicle        :          0.552          0.781          0.833
----------------------------------------------------------------
average        :          0.378          0.544          0.581

iteration: 5010 loss: 15.612852573394775 loss_l: 4.985354804992676 loss_m: 5.278916215896606 loss_s: 5.348581552505493
iteration: 5020 loss: 15.568176364898681 loss_l: 5.001836585998535 loss_m: 5.257102155685425 loss_s: 5.309237337112426
iteration: 5030 loss: 15.535067749023437 loss_l: 4.963846588134766 loss_m: 5.2693202018737795 loss_s: 5.30190110206604
iteration: 5040 loss: 15.627296257019044 loss_l: 5.0340687274932865 loss_m: 5.261202192306518 loss_s: 5.332025098800659
iteration: 5050 loss: 15.514421844482422 loss_l: 5.0004535675048825 loss_m: 5.2270002365112305 loss_s: 5.286968088150024
iteration: 5060 loss: 15.659519290924072 loss_l: 4.998096466064453 loss_m: 5.292681407928467 loss_s: 5.3687419414520265
iteration: 5070 loss: 15.605973529815675 loss_l: 5.000042581558228 loss_m: 5.265853595733643 loss_s: 5.340077495574951
iteration: 5080 loss: 15.54452543258667 loss_l: 4.967787981033325 loss_m: 5.249268674850464 loss_s: 5.3274688720703125
iteration: 5090 loss: 15.702070999145509 loss_l: 5.04139347076416 loss_m: 5.299675559997558 loss_s: 5.36100172996521
iteration: 5100 loss: 15.560181045532227 loss_l: 4.98039813041687 loss_m: 5.243938016891479 loss_s: 5.335844469070435
eval start!

################################################################
what           :             AP           AP50           AP25
################################################################
building       :          0.306          0.418          0.450
fence          :          0.060          0.094          0.109
pole           :          0.137          0.261          0.326
traffic light  :          0.058          0.141          0.186
traffic sign   :          0.149          0.251          0.263
vegetation     :          0.518          0.603          0.614
person         :          0.191          0.299          0.305
rider          :          0.002          0.002          0.002
car            :          0.390          0.589          0.627
truck          :          0.070          0.113          0.119
bus            :          0.008          0.008          0.008
train          :          0.000          0.000          0.000
motorcycle     :          0.001          0.001          0.001
bicycle        :          0.019          0.038          0.038
----------------------------------------------------------------
average        :          0.136          0.201          0.218
BEST ITER: 4200


eval start!

################################################################
what           :             AP           AP50           AP25
################################################################
construction+sky:          0.702          0.782          0.797
object         :          0.014          0.025          0.028
nature         :          0.323          0.465          0.501
human          :          0.280          0.601          0.682
vehicle        :          0.555          0.787          0.838
----------------------------------------------------------------
average        :          0.375          0.532          0.569

iteration: 5110 loss: 15.605175876617432 loss_l: 4.997353363037109 loss_m: 5.278010702133178 loss_s: 5.329811477661133
iteration: 5120 loss: 15.713910102844238 loss_l: 5.019130277633667 loss_m: 5.303332710266114 loss_s: 5.391447114944458
iteration: 5130 loss: 15.745819091796875 loss_l: 5.0677343845367435 loss_m: 5.311503076553345 loss_s: 5.3665814876556395
iteration: 5140 loss: 15.720726680755615 loss_l: 5.055663156509399 loss_m: 5.310599231719971 loss_s: 5.354464864730835
iteration: 5150 loss: 15.481610870361328 loss_l: 4.950468873977661 loss_m: 5.233693695068359 loss_s: 5.297448444366455
iteration: 5160 loss: 15.569530868530274 loss_l: 4.98019962310791 loss_m: 5.265963125228882 loss_s: 5.323367977142334
iteration: 5170 loss: 15.714979076385498 loss_l: 5.04675145149231 loss_m: 5.307830142974853 loss_s: 5.360397863388061
iteration: 5180 loss: 15.795528602600097 loss_l: 5.080735397338867 loss_m: 5.309718608856201 loss_s: 5.40507435798645
iteration: 5190 loss: 15.549763488769532 loss_l: 4.955594635009765 loss_m: 5.272808170318603 loss_s: 5.321360445022583
iteration: 5200 loss: 15.460512065887452 loss_l: 4.964954566955567 loss_m: 5.204564189910888 loss_s: 5.290993070602417
eval start!

################################################################
what           :             AP           AP50           AP25
################################################################
building       :          0.316          0.436          0.469
fence          :          0.071          0.119          0.139
pole           :          0.137          0.265          0.335
traffic light  :          0.054          0.126          0.168
traffic sign   :          0.174          0.284          0.296
vegetation     :          0.531          0.631          0.644
person         :          0.189          0.298          0.303
rider          :          0.002          0.002          0.002
car            :          0.382          0.591          0.633
truck          :          0.073          0.112          0.116
bus            :          0.008          0.008          0.008
train          :          0.000          0.000          0.000
motorcycle     :          0.001          0.001          0.001
bicycle        :          0.032          0.083          0.083
----------------------------------------------------------------
average        :          0.141          0.211          0.228
BEST ITER: 4200


eval start!

################################################################
what           :             AP           AP50           AP25
################################################################
construction+sky:          0.707          0.778          0.791
object         :          0.014          0.026          0.031
nature         :          0.327          0.476          0.513
human          :          0.293          0.642          0.727
vehicle        :          0.543          0.769          0.821
----------------------------------------------------------------
average        :          0.377          0.538          0.577

iteration: 5210 loss: 15.612687110900879 loss_l: 4.9928919792175295 loss_m: 5.283536052703857 loss_s: 5.3362589359283445
iteration: 5220 loss: 15.51505126953125 loss_l: 4.967149448394776 loss_m: 5.237976312637329 loss_s: 5.3099254131317135
iteration: 5230 loss: 15.580554866790772 loss_l: 5.007529306411743 loss_m: 5.255945825576783 loss_s: 5.317080068588257
iteration: 5240 loss: 15.548119258880615 loss_l: 4.979458808898926 loss_m: 5.253440093994141 loss_s: 5.315220022201538
iteration: 5250 loss: 15.673933506011963 loss_l: 5.010478782653808 loss_m: 5.308383178710938 loss_s: 5.355071592330932
iteration: 5260 loss: 15.512637615203857 loss_l: 4.971145248413086 loss_m: 5.226992654800415 loss_s: 5.314499759674073
iteration: 5270 loss: 15.662227535247803 loss_l: 5.042866230010986 loss_m: 5.290481185913086 loss_s: 5.328879928588867
iteration: 5280 loss: 15.63346242904663 loss_l: 5.021521806716919 loss_m: 5.2803202152252195 loss_s: 5.331620073318481
iteration: 5290 loss: 15.579445171356202 loss_l: 4.977830696105957 loss_m: 5.280153799057007 loss_s: 5.321461200714111
iteration: 5300 loss: 15.474174308776856 loss_l: 4.9386285781860355 loss_m: 5.241196393966675 loss_s: 5.2943493843078615
eval start!

################################################################
what           :             AP           AP50           AP25
################################################################
building       :          0.298          0.405          0.435
fence          :          0.062          0.100          0.117
pole           :          0.136          0.266          0.346
traffic light  :          0.076          0.161          0.194
traffic sign   :          0.193          0.311          0.326
vegetation     :          0.509          0.581          0.590
person         :          0.200          0.318          0.324
rider          :          0.002          0.002          0.002
car            :          0.354          0.518          0.550
truck          :          0.057          0.092          0.096
bus            :          0.008          0.008          0.008
train          :          0.000          0.000          0.000
motorcycle     :          0.001          0.001          0.001
bicycle        :          0.042          0.109          0.109
----------------------------------------------------------------
average        :          0.138          0.205          0.221
BEST ITER: 4200


eval start!

################################################################
what           :             AP           AP50           AP25
################################################################
construction+sky:          0.703          0.782          0.797
object         :          0.012          0.021          0.025
nature         :          0.321          0.465          0.501
human          :          0.278          0.635          0.730
vehicle        :          0.571          0.804          0.855
----------------------------------------------------------------
average        :          0.377          0.541          0.581

iteration: 5310 loss: 15.440532970428468 loss_l: 4.9503272533416744 loss_m: 5.203548336029053 loss_s: 5.2866575717926025
iteration: 5320 loss: 15.425317001342773 loss_l: 4.922508573532104 loss_m: 5.215510654449463 loss_s: 5.287298011779785
iteration: 5330 loss: 15.42473316192627 loss_l: 4.945376634597778 loss_m: 5.202980184555054 loss_s: 5.276376485824585
iteration: 5340 loss: 15.81260118484497 loss_l: 5.061252689361572 loss_m: 5.36495418548584 loss_s: 5.386394309997558
iteration: 5350 loss: 15.726708030700683 loss_l: 5.050152444839478 loss_m: 5.3037919998168945 loss_s: 5.3727638721466064
iteration: 5360 loss: 15.731399631500244 loss_l: 5.061802530288697 loss_m: 5.3143164157867435 loss_s: 5.355280923843384
iteration: 5370 loss: 15.69061737060547 loss_l: 5.039942979812622 loss_m: 5.298144865036011 loss_s: 5.352529287338257
iteration: 5380 loss: 15.58753261566162 loss_l: 4.989091873168945 loss_m: 5.261315250396729 loss_s: 5.337125492095947
iteration: 5390 loss: 15.43826847076416 loss_l: 4.9368345737457275 loss_m: 5.214193439483642 loss_s: 5.287240314483642
iteration: 5400 loss: 15.697161197662354 loss_l: 5.035546827316284 loss_m: 5.297611474990845 loss_s: 5.364002895355225
eval start!

################################################################
what           :             AP           AP50           AP25
################################################################
building       :          0.303          0.414          0.445
fence          :          0.066          0.109          0.127
pole           :          0.128          0.243          0.311
traffic light  :          0.065          0.148          0.186
traffic sign   :          0.192          0.310          0.325
vegetation     :          0.516          0.597          0.606
person         :          0.201          0.321          0.327
rider          :          0.002          0.002          0.002
car            :          0.361          0.541          0.575
truck          :          0.064          0.106          0.111
bus            :          0.008          0.008          0.008
train          :          0.000          0.000          0.000
motorcycle     :          0.001          0.001          0.001
bicycle        :          0.040          0.120          0.126
----------------------------------------------------------------
average        :          0.139          0.208          0.225
BEST ITER: 4200


eval start!

################################################################
what           :             AP           AP50           AP25
################################################################
construction+sky:          0.704          0.791          0.808
object         :          0.012          0.021          0.024
nature         :          0.340          0.489          0.524
human          :          0.286          0.622          0.714
vehicle        :          0.551          0.778          0.833
----------------------------------------------------------------
average        :          0.379          0.540          0.580

iteration: 5410 loss: 15.546504402160645 loss_l: 4.99535903930664 loss_m: 5.237528467178345 loss_s: 5.3136170387268065
iteration: 5420 loss: 15.643333530426025 loss_l: 5.009843635559082 loss_m: 5.298925256729126 loss_s: 5.3345643997192385
iteration: 5430 loss: 15.545998764038085 loss_l: 4.970284080505371 loss_m: 5.263898658752441 loss_s: 5.311816263198852
iteration: 5440 loss: 15.44061918258667 loss_l: 4.96040711402893 loss_m: 5.196930551528931 loss_s: 5.283281469345093
iteration: 5450 loss: 15.4486554145813 loss_l: 4.955493450164795 loss_m: 5.217580413818359 loss_s: 5.275581359863281
iteration: 5460 loss: 15.663977718353271 loss_l: 5.043771457672119 loss_m: 5.275415325164795 loss_s: 5.344790697097778
iteration: 5470 loss: 15.662870979309082 loss_l: 5.066006660461426 loss_m: 5.275134134292602 loss_s: 5.321730041503907
iteration: 5480 loss: 15.618609046936035 loss_l: 5.019043350219727 loss_m: 5.258310842514038 loss_s: 5.341254663467407
iteration: 5490 loss: 15.386878108978271 loss_l: 4.932816457748413 loss_m: 5.1890898704528805 loss_s: 5.264971923828125
iteration: 5500 loss: 15.48561429977417 loss_l: 4.944116830825806 loss_m: 5.2439452648162845 loss_s: 5.29755220413208
eval start!

################################################################
what           :             AP           AP50           AP25
################################################################
building       :          0.316          0.433          0.465
fence          :          0.067          0.113          0.131
pole           :          0.134          0.261          0.334
traffic light  :          0.057          0.130          0.175
traffic sign   :          0.193          0.328          0.346
vegetation     :          0.521          0.609          0.621
person         :          0.209          0.338          0.344
rider          :          0.002          0.002          0.002
car            :          0.395          0.615          0.657
truck          :          0.076          0.117          0.121
bus            :          0.008          0.008          0.008
train          :          0.000          0.000          0.000
motorcycle     :          0.001          0.001          0.001
bicycle        :          0.022          0.051          0.051
----------------------------------------------------------------
average        :          0.143          0.215          0.233
BEST ITER: 4200


eval start!

################################################################
what           :             AP           AP50           AP25
################################################################
construction+sky:          0.709          0.789          0.805
object         :          0.013          0.023          0.026
nature         :          0.348          0.504          0.539
human          :          0.292          0.646          0.738
vehicle        :          0.533          0.753          0.807
----------------------------------------------------------------
average        :          0.379          0.543          0.583

iteration: 5510 loss: 15.56014404296875 loss_l: 4.970165586471557 loss_m: 5.258484506607056 loss_s: 5.3314940452575685
iteration: 5520 loss: 15.58263053894043 loss_l: 4.990126132965088 loss_m: 5.271225547790527 loss_s: 5.321278810501099
iteration: 5530 loss: 15.670310401916504 loss_l: 5.039182710647583 loss_m: 5.312485122680664 loss_s: 5.318642282485962
iteration: 5540 loss: 15.475975131988525 loss_l: 4.963638067245483 loss_m: 5.22532091140747 loss_s: 5.2870158672332765
iteration: 5550 loss: 15.564639663696289 loss_l: 5.014022874832153 loss_m: 5.245381498336792 loss_s: 5.305235576629639
iteration: 5560 loss: 15.526248264312745 loss_l: 4.987769889831543 loss_m: 5.231870365142822 loss_s: 5.3066077709198
iteration: 5570 loss: 15.634184741973877 loss_l: 5.015676259994507 loss_m: 5.268457698822021 loss_s: 5.350050783157348
iteration: 5580 loss: 15.456413745880127 loss_l: 4.955680656433105 loss_m: 5.221536922454834 loss_s: 5.279196166992188
iteration: 5590 loss: 15.462767791748046 loss_l: 4.959834623336792 loss_m: 5.2167792320251465 loss_s: 5.286153841018677
iteration: 5600 loss: 15.680043601989746 loss_l: 5.02717661857605 loss_m: 5.299187755584716 loss_s: 5.353679561614991
eval start!

################################################################
what           :             AP           AP50           AP25
################################################################
building       :          0.298          0.406          0.436
fence          :          0.062          0.097          0.112
pole           :          0.146          0.284          0.362
traffic light  :          0.080          0.172          0.207
traffic sign   :          0.183          0.306          0.322
vegetation     :          0.516          0.594          0.604
person         :          0.204          0.331          0.337
rider          :          0.002          0.002          0.002
car            :          0.392          0.608          0.651
truck          :          0.073          0.109          0.112
bus            :          0.008          0.008          0.008
train          :          0.000          0.000          0.000
motorcycle     :          0.001          0.001          0.001
bicycle        :          0.011          0.021          0.021
----------------------------------------------------------------
average        :          0.141          0.210          0.227
BEST ITER: 4200


eval start!

################################################################
what           :             AP           AP50           AP25
################################################################
construction+sky:          0.704          0.779          0.794
object         :          0.013          0.023          0.027
nature         :          0.316          0.454          0.488
human          :          0.287          0.629          0.721
vehicle        :          0.533          0.757          0.808
----------------------------------------------------------------
average        :          0.371          0.528          0.567

iteration: 5610 loss: 15.464032077789307 loss_l: 4.971093320846558 loss_m: 5.209149599075317 loss_s: 5.283789110183716
iteration: 5620 loss: 15.691057300567627 loss_l: 5.0535486221313475 loss_m: 5.297791147232056 loss_s: 5.33971757888794
iteration: 5630 loss: 15.664122581481934 loss_l: 5.024516010284424 loss_m: 5.293199920654297 loss_s: 5.346406602859497
=====epoch 2
iteration: 5640 loss: 15.462534999847412 loss_l: 4.957334709167481 loss_m: 5.237075757980347 loss_s: 5.2681244850158695
iteration: 5650 loss: 15.34999647140503 loss_l: 4.895969343185425 loss_m: 5.180212354660034 loss_s: 5.273814630508423
iteration: 5660 loss: 15.565115833282471 loss_l: 5.0017931938171385 loss_m: 5.25047926902771 loss_s: 5.312843561172485
iteration: 5670 loss: 15.455476093292237 loss_l: 4.947627210617066 loss_m: 5.2131874561309814 loss_s: 5.2946614742279055
iteration: 5680 loss: 15.513465976715088 loss_l: 4.968519449234009 loss_m: 5.223353576660156 loss_s: 5.321592617034912
iteration: 5690 loss: 15.48210859298706 loss_l: 4.946851825714111 loss_m: 5.244010162353516 loss_s: 5.29124641418457
iteration: 5700 loss: 15.45207757949829 loss_l: 4.955061435699463 loss_m: 5.206237936019898 loss_s: 5.290778017044067
eval start!

################################################################
what           :             AP           AP50           AP25
################################################################
building       :          0.308          0.422          0.454
fence          :          0.070          0.116          0.134
pole           :          0.148          0.291          0.368
traffic light  :          0.058          0.132          0.168
traffic sign   :          0.193          0.320          0.336
vegetation     :          0.516          0.597          0.607
person         :          0.202          0.321          0.327
rider          :          0.002          0.002          0.002
car            :          0.375          0.582          0.622
truck          :          0.069          0.107          0.111
bus            :          0.008          0.008          0.008
train          :          0.000          0.000          0.000
motorcycle     :          0.001          0.001          0.001
bicycle        :          0.034          0.075          0.080
----------------------------------------------------------------
average        :          0.142          0.212          0.230
BEST ITER: 4200


eval start!

################################################################
what           :             AP           AP50           AP25
################################################################
construction+sky:          0.707          0.779          0.794
object         :          0.014          0.024          0.029
nature         :          0.331          0.486          0.524
human          :          0.277          0.617          0.705
vehicle        :          0.534          0.757          0.809
----------------------------------------------------------------
average        :          0.372          0.533          0.572

iteration: 5710 loss: 15.539031410217286 loss_l: 4.932088232040405 loss_m: 5.258552312850952 loss_s: 5.348390817642212
iteration: 5720 loss: 15.41254301071167 loss_l: 4.940367937088013 loss_m: 5.2025776386260985 loss_s: 5.26959753036499
iteration: 5730 loss: 15.348927402496338 loss_l: 4.913698720932007 loss_m: 5.186915111541748 loss_s: 5.248313570022583
iteration: 5740 loss: 15.469244861602784 loss_l: 4.961329317092895 loss_m: 5.2149049758911135 loss_s: 5.293010616302491
iteration: 5750 loss: 15.412441444396972 loss_l: 4.938964223861694 loss_m: 5.214610528945923 loss_s: 5.258866500854492
iteration: 5760 loss: 15.47937707901001 loss_l: 4.975218868255615 loss_m: 5.2180195331573485 loss_s: 5.286138677597046
iteration: 5770 loss: 15.420155239105224 loss_l: 4.921991205215454 loss_m: 5.206341075897217 loss_s: 5.2918225765228275
iteration: 5780 loss: 15.423577213287354 loss_l: 4.943558025360107 loss_m: 5.196344041824341 loss_s: 5.28367509841919
iteration: 5790 loss: 15.470466709136963 loss_l: 4.961773014068603 loss_m: 5.226777601242065 loss_s: 5.281915807723999
iteration: 5800 loss: 15.54605131149292 loss_l: 4.976675891876221 loss_m: 5.270944833755493 loss_s: 5.298430490493774
eval start!

################################################################
what           :             AP           AP50           AP25
################################################################
building       :          0.309          0.423          0.454
fence          :          0.059          0.093          0.106
pole           :          0.137          0.272          0.367
traffic light  :          0.102          0.215          0.267
traffic sign   :          0.190          0.305          0.324
vegetation     :          0.516          0.595          0.605
person         :          0.171          0.261          0.264
rider          :          0.002          0.002          0.002
car            :          0.327          0.454          0.479
truck          :          0.048          0.082          0.086
bus            :          0.008          0.008          0.008
train          :          0.000          0.000          0.000
motorcycle     :          0.001          0.001          0.001
bicycle        :          0.034          0.081          0.086
----------------------------------------------------------------
average        :          0.136          0.199          0.218
BEST ITER: 4200


eval start!

################################################################
what           :             AP           AP50           AP25
################################################################
construction+sky:          0.707          0.781          0.794
object         :          0.014          0.026          0.030
nature         :          0.332          0.483          0.521
human          :          0.284          0.618          0.707
vehicle        :          0.523          0.742          0.796
----------------------------------------------------------------
average        :          0.372          0.530          0.570

iteration: 5810 loss: 15.473763942718506 loss_l: 4.960844373703003 loss_m: 5.234916639328003 loss_s: 5.278002977371216
iteration: 5820 loss: 15.480071926116944 loss_l: 4.965235233306885 loss_m: 5.231338977813721 loss_s: 5.283497619628906
iteration: 5830 loss: 15.568350219726563 loss_l: 4.97067608833313 loss_m: 5.254637432098389 loss_s: 5.343036365509033
iteration: 5840 loss: 15.460064125061034 loss_l: 4.946263027191162 loss_m: 5.214473724365234 loss_s: 5.299327611923218
iteration: 5850 loss: 15.4375150680542 loss_l: 4.923470783233642 loss_m: 5.215314531326294 loss_s: 5.2987298488616945
iteration: 5860 loss: 15.56511640548706 loss_l: 4.9619574546813965 loss_m: 5.27444052696228 loss_s: 5.328718471527099
iteration: 5870 loss: 15.41705389022827 loss_l: 4.921875429153443 loss_m: 5.216819763183594 loss_s: 5.278358793258667
iteration: 5880 loss: 15.479434204101562 loss_l: 4.948229551315308 loss_m: 5.23875846862793 loss_s: 5.292446804046631
iteration: 5890 loss: 15.396050071716308 loss_l: 4.927935457229614 loss_m: 5.199631309509277 loss_s: 5.268483448028564
iteration: 5900 loss: 15.428159618377686 loss_l: 4.94664568901062 loss_m: 5.213872575759888 loss_s: 5.267641162872314
eval start!

################################################################
what           :             AP           AP50           AP25
################################################################
building       :          0.303          0.413          0.444
fence          :          0.062          0.099          0.114
pole           :          0.141          0.283          0.373
traffic light  :          0.103          0.218          0.281
traffic sign   :          0.172          0.290          0.306
vegetation     :          0.512          0.586          0.595
person         :          0.177          0.271          0.278
rider          :          0.002          0.002          0.002
car            :          0.391          0.600          0.639
truck          :          0.070          0.108          0.112
bus            :          0.008          0.008          0.008
train          :          0.000          0.000          0.000
motorcycle     :          0.001          0.001          0.001
bicycle        :          0.041          0.093          0.093
----------------------------------------------------------------
average        :          0.142          0.212          0.232
BEST ITER: 4200


eval start!

################################################################
what           :             AP           AP50           AP25
################################################################
construction+sky:          0.702          0.785          0.802
object         :          0.014          0.025          0.028
nature         :          0.357          0.520          0.556
human          :          0.258          0.569          0.662
vehicle        :          0.523          0.744          0.796
----------------------------------------------------------------
average        :          0.371          0.529          0.569

iteration: 5910 loss: 15.316871643066406 loss_l: 4.901383304595948 loss_m: 5.170403051376343 loss_s: 5.2450852394104
iteration: 5920 loss: 15.404685878753662 loss_l: 4.950478458404541 loss_m: 5.20501298904419 loss_s: 5.249194526672364
iteration: 5930 loss: 15.37247200012207 loss_l: 4.897469758987427 loss_m: 5.1884900569915775 loss_s: 5.286512136459351
iteration: 5940 loss: 15.42065725326538 loss_l: 4.927754592895508 loss_m: 5.215574645996094 loss_s: 5.277327823638916
iteration: 5950 loss: 15.484141731262207 loss_l: 4.943373346328736 loss_m: 5.255583381652832 loss_s: 5.285185432434082
iteration: 5960 loss: 15.392901134490966 loss_l: 4.925927448272705 loss_m: 5.194968366622925 loss_s: 5.2720051288604735
iteration: 5970 loss: 15.422710704803468 loss_l: 4.932801198959351 loss_m: 5.211537551879883 loss_s: 5.278372097015381
iteration: 5980 loss: 15.427040958404541 loss_l: 4.9316352844238285 loss_m: 5.2116528987884525 loss_s: 5.283752822875977
iteration: 5990 loss: 15.515615367889405 loss_l: 4.948313474655151 loss_m: 5.258396625518799 loss_s: 5.308905172348022
iteration: 6000 loss: 15.422400760650635 loss_l: 4.942101383209229 loss_m: 5.1999046325683596 loss_s: 5.280395221710205
eval start!

################################################################
what           :             AP           AP50           AP25
################################################################
building       :          0.313          0.432          0.464
fence          :          0.070          0.118          0.137
pole           :          0.136          0.270          0.359
traffic light  :          0.083          0.183          0.227
traffic sign   :          0.168          0.273          0.287
vegetation     :          0.521          0.613          0.626
person         :          0.187          0.288          0.291
rider          :          0.002          0.002          0.002
car            :          0.378          0.558          0.589
truck          :          0.062          0.102          0.107
bus            :          0.008          0.008          0.008
train          :          0.000          0.000          0.000
motorcycle     :          0.001          0.001          0.001
bicycle        :          0.007          0.014          0.014
----------------------------------------------------------------
average        :          0.138          0.204          0.222
BEST ITER: 4200


eval start!

################################################################
what           :             AP           AP50           AP25
################################################################
construction+sky:          0.701          0.775          0.790
object         :          0.014          0.026          0.030
nature         :          0.331          0.482          0.519
human          :          0.284          0.618          0.706
vehicle        :          0.544          0.772          0.825
----------------------------------------------------------------
average        :          0.375          0.535          0.574

iteration: 6010 loss: 15.422916603088378 loss_l: 4.926293563842774 loss_m: 5.221362447738647 loss_s: 5.275260591506958
iteration: 6020 loss: 15.526002979278564 loss_l: 4.9876227378845215 loss_m: 5.243212795257568 loss_s: 5.295167589187622
iteration: 6030 loss: 15.523409938812256 loss_l: 4.991153717041016 loss_m: 5.229217910766602 loss_s: 5.303038215637207
iteration: 6040 loss: 15.327120971679687 loss_l: 4.89154839515686 loss_m: 5.18538179397583 loss_s: 5.25019063949585
iteration: 6050 loss: 15.498163032531739 loss_l: 4.9668824672698975 loss_m: 5.218208312988281 loss_s: 5.313072204589844
iteration: 6060 loss: 15.395196056365966 loss_l: 4.927084445953369 loss_m: 5.198995351791382 loss_s: 5.269115972518921
iteration: 6070 loss: 15.467977142333984 loss_l: 4.951627588272094 loss_m: 5.218700790405274 loss_s: 5.297648572921753
iteration: 6080 loss: 15.471274471282959 loss_l: 4.938769674301147 loss_m: 5.229755687713623 loss_s: 5.302749156951904
iteration: 6090 loss: 15.545011234283447 loss_l: 4.967261505126953 loss_m: 5.2580639839172365 loss_s: 5.319685459136963
iteration: 6100 loss: 15.348541641235352 loss_l: 4.906225967407226 loss_m: 5.189872169494629 loss_s: 5.252443599700928
eval start!

################################################################
what           :             AP           AP50           AP25
################################################################
building       :          0.304          0.416          0.446
fence          :          0.067          0.109          0.125
pole           :          0.145          0.294          0.395
traffic light  :          0.094          0.206          0.258
traffic sign   :          0.156          0.256          0.270
vegetation     :          0.514          0.591          0.600
person         :          0.208          0.334          0.340
rider          :          0.002          0.002          0.002
car            :          0.379          0.579          0.617
truck          :          0.067          0.104          0.108
bus            :          0.008          0.008          0.008
train          :          0.000          0.000          0.000
motorcycle     :          0.001          0.001          0.001
bicycle        :          0.003          0.004          0.004
----------------------------------------------------------------
average        :          0.139          0.207          0.227
BEST ITER: 4200


eval start!

################################################################
what           :             AP           AP50           AP25
################################################################
construction+sky:          0.699          0.772          0.786
object         :          0.014          0.026          0.031
nature         :          0.327          0.472          0.507
human          :          0.296          0.650          0.749
vehicle        :          0.530          0.752          0.805
----------------------------------------------------------------
average        :          0.373          0.535          0.576

iteration: 6110 loss: 15.452002906799317 loss_l: 4.9633911609649655 loss_m: 5.208980512619019 loss_s: 5.279631519317627
iteration: 6120 loss: 15.363365173339844 loss_l: 4.910111141204834 loss_m: 5.192369222640991 loss_s: 5.2608849048614506
iteration: 6130 loss: 15.325271129608154 loss_l: 4.921221590042114 loss_m: 5.169122982025146 loss_s: 5.234926795959472
iteration: 6140 loss: 15.413579273223878 loss_l: 4.929033899307251 loss_m: 5.1944526672363285 loss_s: 5.290092420578003
iteration: 6150 loss: 15.314515399932862 loss_l: 4.884679746627808 loss_m: 5.181539726257324 loss_s: 5.248296165466309
iteration: 6160 loss: 15.622802257537842 loss_l: 5.007998418807984 loss_m: 5.285926866531372 loss_s: 5.328877067565918
iteration: 6170 loss: 15.464720058441163 loss_l: 4.924454545974731 loss_m: 5.223099422454834 loss_s: 5.317166185379028
iteration: 6180 loss: 15.371913719177247 loss_l: 4.901795673370361 loss_m: 5.196600341796875 loss_s: 5.2735175609588625
iteration: 6190 loss: 15.368617248535156 loss_l: 4.934624147415161 loss_m: 5.199973058700562 loss_s: 5.234019947052002
iteration: 6200 loss: 15.432042026519776 loss_l: 4.936309719085694 loss_m: 5.194418239593506 loss_s: 5.301314067840576
eval start!

################################################################
what           :             AP           AP50           AP25
################################################################
building       :          0.311          0.428          0.460
fence          :          0.066          0.108          0.124
pole           :          0.151          0.304          0.396
traffic light  :          0.073          0.170          0.211
traffic sign   :          0.159          0.261          0.276
vegetation     :          0.523          0.612          0.624
person         :          0.196          0.310          0.316
rider          :          0.002          0.002          0.002
car            :          0.382          0.581          0.619
truck          :          0.071          0.113          0.117
bus            :          0.008          0.008          0.008
train          :          0.000          0.000          0.000
motorcycle     :          0.001          0.001          0.001
bicycle        :          0.006          0.010          0.010
----------------------------------------------------------------
average        :          0.139          0.208          0.226
BEST ITER: 4200


eval start!

################################################################
what           :             AP           AP50           AP25
################################################################
construction+sky:          0.702          0.770          0.782
object         :          0.014          0.025          0.029
nature         :          0.304          0.440          0.475
human          :          0.278          0.609          0.701
vehicle        :          0.557          0.788          0.840
----------------------------------------------------------------
average        :          0.371          0.526          0.565

iteration: 6210 loss: 15.420165157318115 loss_l: 4.93766040802002 loss_m: 5.215130090713501 loss_s: 5.267374706268311
iteration: 6220 loss: 15.526228046417236 loss_l: 4.987230920791626 loss_m: 5.249296092987061 loss_s: 5.289701175689697
iteration: 6230 loss: 15.390501689910888 loss_l: 4.936086225509643 loss_m: 5.1909300804138185 loss_s: 5.2634850025177
iteration: 6240 loss: 15.308355236053467 loss_l: 4.879301452636719 loss_m: 5.179534006118774 loss_s: 5.249519538879395
iteration: 6250 loss: 15.26174554824829 loss_l: 4.889127588272094 loss_m: 5.132641077041626 loss_s: 5.239977073669434
iteration: 6260 loss: 15.373857402801514 loss_l: 4.9352874755859375 loss_m: 5.1753486633300785 loss_s: 5.263221073150635
iteration: 6270 loss: 15.341110324859619 loss_l: 4.910192394256592 loss_m: 5.184568595886231 loss_s: 5.246349191665649
iteration: 6280 loss: 15.375607585906982 loss_l: 4.93114070892334 loss_m: 5.1886529445648195 loss_s: 5.255814027786255
iteration: 6290 loss: 15.37584991455078 loss_l: 4.912696886062622 loss_m: 5.193609285354614 loss_s: 5.269543838500977
iteration: 6300 loss: 15.425295543670654 loss_l: 4.94267840385437 loss_m: 5.1924145221710205 loss_s: 5.2902027606964115
eval start!

################################################################
what           :             AP           AP50           AP25
################################################################
building       :          0.306          0.419          0.450
fence          :          0.067          0.109          0.126
pole           :          0.140          0.275          0.354
traffic light  :          0.057          0.127          0.164
traffic sign   :          0.177          0.297          0.312
vegetation     :          0.516          0.597          0.607
person         :          0.192          0.304          0.309
rider          :          0.002          0.002          0.002
car            :          0.373          0.563          0.600
truck          :          0.068          0.107          0.111
bus            :          0.008          0.008          0.008
train          :          0.000          0.000          0.000
motorcycle     :          0.001          0.001          0.001
bicycle        :          0.012          0.023          0.023
----------------------------------------------------------------
average        :          0.137          0.202          0.219
BEST ITER: 4200


eval start!

################################################################
what           :             AP           AP50           AP25
################################################################
construction+sky:          0.705          0.785          0.801
object         :          0.014          0.024          0.026
nature         :          0.339          0.492          0.528
human          :          0.292          0.637          0.732
vehicle        :          0.531          0.755          0.808
----------------------------------------------------------------
average        :          0.376          0.538          0.579

iteration: 6310 loss: 15.315534210205078 loss_l: 4.907680463790894 loss_m: 5.18178882598877 loss_s: 5.226064825057984
iteration: 6320 loss: 15.40948486328125 loss_l: 4.971142530441284 loss_m: 5.186961078643799 loss_s: 5.251381540298462
iteration: 6330 loss: 15.354721927642823 loss_l: 4.922014427185059 loss_m: 5.178344345092773 loss_s: 5.254363298416138
iteration: 6340 loss: 15.419695377349854 loss_l: 4.941570472717285 loss_m: 5.206306266784668 loss_s: 5.271818399429321
iteration: 6350 loss: 15.34915771484375 loss_l: 4.906424045562744 loss_m: 5.1885683059692385 loss_s: 5.254165363311768
iteration: 6360 loss: 15.433023166656493 loss_l: 4.93888292312622 loss_m: 5.201448822021485 loss_s: 5.2926915168762205
iteration: 6370 loss: 15.50199327468872 loss_l: 4.965640020370484 loss_m: 5.242326307296753 loss_s: 5.294027328491211
iteration: 6380 loss: 15.30625524520874 loss_l: 4.901411247253418 loss_m: 5.145024204254151 loss_s: 5.25981969833374
iteration: 6390 loss: 15.374581813812256 loss_l: 4.909100818634033 loss_m: 5.193583345413208 loss_s: 5.271897602081299
iteration: 6400 loss: 15.519981193542481 loss_l: 4.973281335830689 loss_m: 5.247252130508423 loss_s: 5.29944806098938
eval start!

################################################################
what           :             AP           AP50           AP25
################################################################
building       :          0.319          0.440          0.473
fence          :          0.072          0.122          0.141
pole           :          0.124          0.238          0.314
traffic light  :          0.070          0.151          0.185
traffic sign   :          0.161          0.271          0.289
vegetation     :          0.523          0.613          0.626
person         :          0.181          0.282          0.286
rider          :          0.002          0.002          0.002
car            :          0.386          0.590          0.627
truck          :          0.073          0.117          0.122
bus            :          0.008          0.008          0.008
train          :          0.000          0.000          0.000
motorcycle     :          0.001          0.001          0.001
bicycle        :          0.033          0.069          0.069
----------------------------------------------------------------
average        :          0.139          0.207          0.224
BEST ITER: 4200


eval start!

################################################################
what           :             AP           AP50           AP25
################################################################
construction+sky:          0.705          0.780          0.795
object         :          0.015          0.027          0.031
nature         :          0.327          0.474          0.510
human          :          0.282          0.623          0.712
vehicle        :          0.531          0.755          0.808
----------------------------------------------------------------
average        :          0.372          0.532          0.571

iteration: 6410 loss: 15.405770969390868 loss_l: 4.92663254737854 loss_m: 5.206627130508423 loss_s: 5.272511720657349
iteration: 6420 loss: 15.271522903442383 loss_l: 4.88534951210022 loss_m: 5.160957288742066 loss_s: 5.225215768814087
iteration: 6430 loss: 15.223777198791504 loss_l: 4.864395809173584 loss_m: 5.155914783477783 loss_s: 5.203466987609863
iteration: 6440 loss: 15.380154609680176 loss_l: 4.9149316310882565 loss_m: 5.193528747558593 loss_s: 5.271694183349609
iteration: 6450 loss: 15.449104595184327 loss_l: 4.930023860931397 loss_m: 5.220364284515381 loss_s: 5.298716497421265
iteration: 6460 loss: 15.566974639892578 loss_l: 4.976018619537354 loss_m: 5.256952571868896 loss_s: 5.334003353118897
iteration: 6470 loss: 15.453821277618408 loss_l: 4.926653146743774 loss_m: 5.217149162292481 loss_s: 5.310018873214721
iteration: 6480 loss: 15.627686595916748 loss_l: 5.02432861328125 loss_m: 5.277447080612182 loss_s: 5.3259110927581785
iteration: 6490 loss: 15.536146545410157 loss_l: 5.01767110824585 loss_m: 5.224101591110229 loss_s: 5.294373846054077
iteration: 6500 loss: 15.604605388641357 loss_l: 5.010833215713501 loss_m: 5.2629461765289305 loss_s: 5.330826139450073
eval start!

################################################################
what           :             AP           AP50           AP25
################################################################
building       :          0.311          0.426          0.458
fence          :          0.068          0.112          0.128
pole           :          0.137          0.268          0.349
traffic light  :          0.056          0.126          0.168
traffic sign   :          0.174          0.294          0.313
vegetation     :          0.516          0.600          0.611
person         :          0.215          0.350          0.357
rider          :          0.002          0.002          0.002
car            :          0.358          0.527          0.558
truck          :          0.058          0.093          0.096
bus            :          0.008          0.008          0.008
train          :          0.000          0.000          0.000
motorcycle     :          0.001          0.001          0.001
bicycle        :          0.007          0.014          0.014
----------------------------------------------------------------
average        :          0.136          0.202          0.219
BEST ITER: 4200


eval start!

################################################################
what           :             AP           AP50           AP25
################################################################
construction+sky:          0.707          0.781          0.795
object         :          0.015          0.028          0.033
nature         :          0.336          0.492          0.529
human          :          0.294          0.658          0.753
vehicle        :          0.533          0.758          0.810
----------------------------------------------------------------
average        :          0.377          0.543          0.584

iteration: 6510 loss: 15.60450620651245 loss_l: 4.992672538757324 loss_m: 5.286076641082763 loss_s: 5.3257567405700685
iteration: 6520 loss: 15.458404922485352 loss_l: 4.9378519535064695 loss_m: 5.215389204025269 loss_s: 5.305163908004761
iteration: 6530 loss: 15.495250797271728 loss_l: 4.977769660949707 loss_m: 5.235182094573974 loss_s: 5.282299184799195
iteration: 6540 loss: 15.550997257232666 loss_l: 5.0152692794799805 loss_m: 5.23037428855896 loss_s: 5.305353784561158
iteration: 6550 loss: 15.392811965942382 loss_l: 4.930015516281128 loss_m: 5.191672134399414 loss_s: 5.271124029159546
iteration: 6560 loss: 15.306299018859864 loss_l: 4.899260759353638 loss_m: 5.160832691192627 loss_s: 5.246205854415893
iteration: 6570 loss: 15.515919399261474 loss_l: 4.987998533248901 loss_m: 5.237061309814453 loss_s: 5.290859413146973
iteration: 6580 loss: 15.305471229553223 loss_l: 4.876743793487549 loss_m: 5.174171829223633 loss_s: 5.2545562267303465
iteration: 6590 loss: 15.181774044036866 loss_l: 4.8531636714935305 loss_m: 5.118074369430542 loss_s: 5.210536003112793
iteration: 6600 loss: 15.439826202392577 loss_l: 4.948790502548218 loss_m: 5.19842038154602 loss_s: 5.292614984512329
eval start!

################################################################
what           :             AP           AP50           AP25
################################################################
building       :          0.305          0.418          0.449
fence          :          0.072          0.121          0.139
pole           :          0.140          0.276          0.358
traffic light  :          0.068          0.152          0.199
traffic sign   :          0.170          0.286          0.303
vegetation     :          0.517          0.601          0.612
person         :          0.200          0.321          0.328
rider          :          0.002          0.002          0.002
car            :          0.394          0.606          0.645
truck          :          0.073          0.111          0.114
bus            :          0.008          0.008          0.008
train          :          0.000          0.000          0.000
motorcycle     :          0.001          0.001          0.001
bicycle        :          0.025          0.055          0.055
----------------------------------------------------------------
average        :          0.141          0.211          0.230
BEST ITER: 4200


eval start!

################################################################
what           :             AP           AP50           AP25
################################################################
construction+sky:          0.704          0.782          0.797
object         :          0.013          0.025          0.029
nature         :          0.332          0.479          0.514
human          :          0.255          0.553          0.634
vehicle        :          0.539          0.762          0.816
----------------------------------------------------------------
average        :          0.369          0.520          0.558

iteration: 6610 loss: 15.40827054977417 loss_l: 4.923792886734009 loss_m: 5.2113926887512205 loss_s: 5.273084831237793
iteration: 6620 loss: 15.302271461486816 loss_l: 4.886841487884522 loss_m: 5.177864360809326 loss_s: 5.237565898895264
iteration: 6630 loss: 15.479459953308105 loss_l: 4.957231569290161 loss_m: 5.248555898666382 loss_s: 5.273672342300415
iteration: 6640 loss: 15.434532642364502 loss_l: 4.914846897125244 loss_m: 5.224096584320068 loss_s: 5.295588874816895
iteration: 6650 loss: 15.449449825286866 loss_l: 4.942974805831909 loss_m: 5.230985927581787 loss_s: 5.2754889011383055
iteration: 6660 loss: 15.538340854644776 loss_l: 4.9506148338317875 loss_m: 5.257164239883423 loss_s: 5.330561685562134
iteration: 6670 loss: 15.306385612487793 loss_l: 4.907133007049561 loss_m: 5.16644401550293 loss_s: 5.232808589935303
iteration: 6680 loss: 15.407836437225342 loss_l: 4.941810894012451 loss_m: 5.206446886062622 loss_s: 5.259578657150269
iteration: 6690 loss: 15.203771686553955 loss_l: 4.855057287216186 loss_m: 5.141475629806519 loss_s: 5.207239055633545
iteration: 6700 loss: 15.361410331726074 loss_l: 4.881887340545655 loss_m: 5.193568468093872 loss_s: 5.28595461845398
eval start!

################################################################
what           :             AP           AP50           AP25
################################################################
building       :          0.307          0.419          0.449
fence          :          0.066          0.109          0.126
pole           :          0.154          0.312          0.405
traffic light  :          0.060          0.139          0.183
traffic sign   :          0.153          0.259          0.275
vegetation     :          0.514          0.593          0.602
person         :          0.186          0.298          0.303
rider          :          0.002          0.002          0.002
car            :          0.347          0.514          0.544
truck          :          0.058          0.093          0.097
bus            :          0.008          0.008          0.008
train          :          0.000          0.000          0.000
motorcycle     :          0.001          0.001          0.001
bicycle        :          0.025          0.055          0.055
----------------------------------------------------------------
average        :          0.134          0.200          0.218
BEST ITER: 4200


eval start!

################################################################
what           :             AP           AP50           AP25
################################################################
construction+sky:          0.698          0.780          0.796
object         :          0.014          0.026          0.030
nature         :          0.345          0.496          0.530
human          :          0.287          0.633          0.724
vehicle        :          0.529          0.751          0.804
----------------------------------------------------------------
average        :          0.374          0.537          0.577

iteration: 6710 loss: 15.55957498550415 loss_l: 4.990213060379029 loss_m: 5.254812288284302 loss_s: 5.314549827575684
iteration: 6720 loss: 15.311989212036133 loss_l: 4.901957321166992 loss_m: 5.158773136138916 loss_s: 5.25125904083252
iteration: 6730 loss: 15.38129940032959 loss_l: 4.951985788345337 loss_m: 5.180889749526978 loss_s: 5.248423624038696
iteration: 6740 loss: 15.351986503601074 loss_l: 4.923156309127807 loss_m: 5.182874488830566 loss_s: 5.2459556579589846
iteration: 6750 loss: 15.456785202026367 loss_l: 4.9563636302948 loss_m: 5.2226649761199955 loss_s: 5.277756404876709
iteration: 6760 loss: 15.44532814025879 loss_l: 4.931292867660522 loss_m: 5.220542907714844 loss_s: 5.293492603302002
iteration: 6770 loss: 15.426886653900146 loss_l: 4.934608745574951 loss_m: 5.214112854003906 loss_s: 5.278164911270141
iteration: 6780 loss: 15.276180076599122 loss_l: 4.889127922058106 loss_m: 5.163166570663452 loss_s: 5.2238856792449955
iteration: 6790 loss: 15.281255054473878 loss_l: 4.919547367095947 loss_m: 5.148832321166992 loss_s: 5.212875175476074
iteration: 6800 loss: 15.427596759796142 loss_l: 4.93188738822937 loss_m: 5.216615104675293 loss_s: 5.279094219207764
eval start!

################################################################
what           :             AP           AP50           AP25
################################################################
building       :          0.315          0.432          0.464
fence          :          0.064          0.102          0.119
pole           :          0.149          0.296          0.374
traffic light  :          0.052          0.134          0.170
traffic sign   :          0.175          0.298          0.316
vegetation     :          0.515          0.594          0.604
person         :          0.196          0.311          0.317
rider          :          0.002          0.002          0.002
car            :          0.378          0.583          0.621
truck          :          0.070          0.108          0.111
bus            :          0.008          0.008          0.008
train          :          0.000          0.000          0.000
motorcycle     :          0.001          0.001          0.001
bicycle        :          0.030          0.062          0.062
----------------------------------------------------------------
average        :          0.140          0.209          0.226
BEST ITER: 4200


eval start!

################################################################
what           :             AP           AP50           AP25
################################################################
construction+sky:          0.702          0.774          0.789
object         :          0.014          0.026          0.030
nature         :          0.336          0.489          0.524
human          :          0.290          0.631          0.722
vehicle        :          0.518          0.734          0.789
----------------------------------------------------------------
average        :          0.372          0.531          0.571

iteration: 6810 loss: 15.3269757270813 loss_l: 4.912468671798706 loss_m: 5.1803210258483885 loss_s: 5.23418607711792
iteration: 6820 loss: 15.390757656097412 loss_l: 4.920657634735107 loss_m: 5.2253350734710695 loss_s: 5.244764947891236
iteration: 6830 loss: 15.213379096984863 loss_l: 4.870745086669922 loss_m: 5.136866092681885 loss_s: 5.205767679214477
iteration: 6840 loss: 15.336532592773438 loss_l: 4.918636846542358 loss_m: 5.1767336368560795 loss_s: 5.241162061691284
iteration: 6850 loss: 15.354222774505615 loss_l: 4.932765960693359 loss_m: 5.191100931167602 loss_s: 5.230356025695801
iteration: 6860 loss: 15.525343132019042 loss_l: 4.9600015640258786 loss_m: 5.253949785232544 loss_s: 5.3113914966583256
iteration: 6870 loss: 15.267391681671143 loss_l: 4.891297245025635 loss_m: 5.157014608383179 loss_s: 5.219080305099487
iteration: 6880 loss: 15.368764305114746 loss_l: 4.908974552154541 loss_m: 5.2018848896026615 loss_s: 5.257904577255249
iteration: 6890 loss: 15.573587036132812 loss_l: 4.964597892761231 loss_m: 5.269043874740601 loss_s: 5.339945268630982
iteration: 6900 loss: 15.455209255218506 loss_l: 4.9501996517181395 loss_m: 5.218633604049683 loss_s: 5.28637661933899
eval start!

################################################################
what           :             AP           AP50           AP25
################################################################
building       :          0.330          0.455          0.488
fence          :          0.075          0.125          0.143
pole           :          0.144          0.278          0.350
traffic light  :          0.049          0.118          0.156
traffic sign   :          0.179          0.311          0.331
vegetation     :          0.522          0.611          0.623
person         :          0.204          0.328          0.334
rider          :          0.002          0.002          0.002
car            :          0.360          0.557          0.596
truck          :          0.066          0.099          0.103
bus            :          0.008          0.008          0.008
train          :          0.000          0.000          0.000
motorcycle     :          0.001          0.001          0.001
bicycle        :          0.036          0.084          0.084
----------------------------------------------------------------
average        :          0.141          0.213          0.230
BEST ITER: 4200


eval start!

################################################################
what           :             AP           AP50           AP25
################################################################
construction+sky:          0.707          0.781          0.795
object         :          0.014          0.027          0.031
nature         :          0.330          0.478          0.514
human          :          0.294          0.646          0.741
vehicle        :          0.521          0.741          0.793
----------------------------------------------------------------
average        :          0.373          0.535          0.575

iteration: 6910 loss: 15.42806282043457 loss_l: 4.905824041366577 loss_m: 5.210605049133301 loss_s: 5.311633634567261
iteration: 6920 loss: 15.347061824798583 loss_l: 4.883319139480591 loss_m: 5.208884763717651 loss_s: 5.2548574924469
iteration: 6930 loss: 15.305004024505616 loss_l: 4.867137908935547 loss_m: 5.168054246902466 loss_s: 5.269811964035034
iteration: 6940 loss: 15.294589519500732 loss_l: 4.885576152801514 loss_m: 5.170820808410644 loss_s: 5.238192510604859
iteration: 6950 loss: 15.483195114135743 loss_l: 4.963218641281128 loss_m: 5.231948804855347 loss_s: 5.288027572631836
iteration: 6960 loss: 15.38226671218872 loss_l: 4.942238855361938 loss_m: 5.204998731613159 loss_s: 5.235029458999634
iteration: 6970 loss: 15.41076364517212 loss_l: 4.946592807769775 loss_m: 5.186927413940429 loss_s: 5.277243328094483
iteration: 6980 loss: 15.329263591766358 loss_l: 4.915846967697144 loss_m: 5.177897596359253 loss_s: 5.235519075393677
iteration: 6990 loss: 15.45707597732544 loss_l: 4.9334508895874025 loss_m: 5.216020107269287 loss_s: 5.30760498046875
iteration: 7000 loss: 15.364219188690186 loss_l: 4.928342866897583 loss_m: 5.182198143005371 loss_s: 5.253677940368652
eval start!

################################################################
what           :             AP           AP50           AP25
################################################################
building       :          0.320          0.442          0.474
fence          :          0.075          0.126          0.143
pole           :          0.150          0.299          0.382
traffic light  :          0.057          0.138          0.179
traffic sign   :          0.155          0.266          0.283
vegetation     :          0.528          0.625          0.639
person         :          0.201          0.322          0.329
rider          :          0.002          0.002          0.002
car            :          0.387          0.593          0.631
truck          :          0.070          0.108          0.112
bus            :          0.008          0.008          0.008
train          :          0.000          0.000          0.000
motorcycle     :          0.001          0.001          0.001
bicycle        :          0.012          0.024          0.024
----------------------------------------------------------------
average        :          0.140          0.211          0.229
BEST ITER: 4200


eval start!

################################################################
what           :             AP           AP50           AP25
################################################################
construction+sky:          0.708          0.783          0.798
object         :          0.014          0.026          0.030
nature         :          0.330          0.482          0.519
human          :          0.287          0.622          0.718
vehicle        :          0.543          0.769          0.822
----------------------------------------------------------------
average        :          0.376          0.536          0.577

iteration: 7010 loss: 15.358348274230957 loss_l: 4.90699872970581 loss_m: 5.196230792999268 loss_s: 5.255118656158447
iteration: 7020 loss: 15.361636066436768 loss_l: 4.903271770477295 loss_m: 5.207729196548462 loss_s: 5.250635099411011
iteration: 7030 loss: 15.26097812652588 loss_l: 4.854630994796753 loss_m: 5.175780820846557 loss_s: 5.2305662631988525
iteration: 7040 loss: 15.244430255889892 loss_l: 4.860033130645752 loss_m: 5.149307155609131 loss_s: 5.235089874267578
iteration: 7050 loss: 15.49067497253418 loss_l: 4.972338390350342 loss_m: 5.220718002319336 loss_s: 5.297618579864502
iteration: 7060 loss: 15.331582164764404 loss_l: 4.916628837585449 loss_m: 5.187142705917358 loss_s: 5.227810573577881
iteration: 7070 loss: 15.41694393157959 loss_l: 4.921918869018555 loss_m: 5.199153327941895 loss_s: 5.295871591567993
iteration: 7080 loss: 15.46721658706665 loss_l: 4.957523202896118 loss_m: 5.228232479095459 loss_s: 5.281460857391357
iteration: 7090 loss: 15.299584579467773 loss_l: 4.878577947616577 loss_m: 5.166457843780518 loss_s: 5.254548740386963
iteration: 7100 loss: 15.249254608154297 loss_l: 4.859247350692749 loss_m: 5.158513975143433 loss_s: 5.231493139266968
eval start!

################################################################
what           :             AP           AP50           AP25
################################################################
building       :          0.316          0.435          0.466
fence          :          0.072          0.120          0.139
pole           :          0.153          0.311          0.411
traffic light  :          0.086          0.190          0.227
traffic sign   :          0.197          0.326          0.343
vegetation     :          0.525          0.624          0.637
person         :          0.208          0.338          0.345
rider          :          0.002          0.002          0.002
car            :          0.396          0.610          0.650
truck          :          0.075          0.115          0.118
bus            :          0.008          0.008          0.008
train          :          0.000          0.000          0.000
motorcycle     :          0.001          0.001          0.001
bicycle        :          0.016          0.030          0.030
----------------------------------------------------------------
average        :          0.147          0.222          0.241
BEST ITER: 7100


eval start!

################################################################
what           :             AP           AP50           AP25
################################################################
construction+sky:          0.707          0.780          0.794
object         :          0.014          0.027          0.032
nature         :          0.328          0.479          0.515
human          :          0.302          0.654          0.750
vehicle        :          0.534          0.757          0.812
----------------------------------------------------------------
average        :          0.377          0.539          0.580

iteration: 7110 loss: 15.28902177810669 loss_l: 4.848747062683105 loss_m: 5.210737609863282 loss_s: 5.22953724861145
iteration: 7120 loss: 15.382059001922608 loss_l: 4.937371730804443 loss_m: 5.180132818222046 loss_s: 5.264554405212403
iteration: 7130 loss: 15.301619243621825 loss_l: 4.899312591552734 loss_m: 5.168465328216553 loss_s: 5.233841037750244
iteration: 7140 loss: 15.321626472473145 loss_l: 4.912712430953979 loss_m: 5.166775178909302 loss_s: 5.242139005661011
iteration: 7150 loss: 15.285466194152832 loss_l: 4.892141532897949 loss_m: 5.156756830215454 loss_s: 5.2365679264068605
iteration: 7160 loss: 15.440265560150147 loss_l: 4.940541076660156 loss_m: 5.2194116592407225 loss_s: 5.280312824249267
iteration: 7170 loss: 15.475672626495362 loss_l: 4.9730301856994625 loss_m: 5.226516628265381 loss_s: 5.276125907897949
iteration: 7180 loss: 15.596053314208984 loss_l: 4.971041440963745 loss_m: 5.282445812225342 loss_s: 5.342566061019897
iteration: 7190 loss: 15.301458930969238 loss_l: 4.890016269683838 loss_m: 5.17511134147644 loss_s: 5.236331176757813
iteration: 7200 loss: 15.459626293182373 loss_l: 4.927685165405274 loss_m: 5.23716778755188 loss_s: 5.2947734832763675
eval start!

################################################################
what           :             AP           AP50           AP25
################################################################
building       :          0.302          0.414          0.445
fence          :          0.067          0.108          0.126
pole           :          0.143          0.283          0.366
traffic light  :          0.055          0.133          0.169
traffic sign   :          0.196          0.321          0.336
vegetation     :          0.518          0.605          0.616
person         :          0.196          0.311          0.318
rider          :          0.002          0.002          0.002
car            :          0.383          0.579          0.613
truck          :          0.067          0.102          0.105
bus            :          0.008          0.008          0.008
train          :          0.000          0.000          0.000
motorcycle     :          0.001          0.001          0.001
bicycle        :          0.018          0.034          0.034
----------------------------------------------------------------
average        :          0.140          0.207          0.224
BEST ITER: 7100


eval start!

################################################################
what           :             AP           AP50           AP25
################################################################
construction+sky:          0.706          0.785          0.800
object         :          0.013          0.024          0.027
nature         :          0.341          0.496          0.532
human          :          0.289          0.638          0.720
vehicle        :          0.547          0.776          0.830
----------------------------------------------------------------
average        :          0.379          0.544          0.582

iteration: 7210 loss: 15.298887348175048 loss_l: 4.89785099029541 loss_m: 5.152081298828125 loss_s: 5.248955011367798
iteration: 7220 loss: 15.383130264282226 loss_l: 4.895128393173218 loss_m: 5.203610801696778 loss_s: 5.284390783309936
iteration: 7230 loss: 15.286839866638184 loss_l: 4.9067816734313965 loss_m: 5.157805252075195 loss_s: 5.222253036499024
iteration: 7240 loss: 15.461737155914307 loss_l: 4.94141993522644 loss_m: 5.223393440246582 loss_s: 5.296923351287842
iteration: 7250 loss: 15.429944324493409 loss_l: 4.955179977416992 loss_m: 5.208440923690796 loss_s: 5.266323280334473
iteration: 7260 loss: 15.285773944854736 loss_l: 4.910591793060303 loss_m: 5.161017751693725 loss_s: 5.214164590835571
iteration: 7270 loss: 15.220874500274657 loss_l: 4.861897611618042 loss_m: 5.123220205307007 loss_s: 5.235756778717041
iteration: 7280 loss: 15.301320838928223 loss_l: 4.881858825683594 loss_m: 5.15799355506897 loss_s: 5.261468601226807
iteration: 7290 loss: 15.269778633117676 loss_l: 4.8664023876190186 loss_m: 5.159987878799439 loss_s: 5.243388032913208
iteration: 7300 loss: 15.32594699859619 loss_l: 4.908607912063599 loss_m: 5.178405904769898 loss_s: 5.238933038711548
eval start!

################################################################
what           :             AP           AP50           AP25
################################################################
building       :          0.307          0.421          0.453
fence          :          0.071          0.121          0.140
pole           :          0.150          0.305          0.400
traffic light  :          0.060          0.138          0.181
traffic sign   :          0.179          0.298          0.314
vegetation     :          0.517          0.607          0.619
person         :          0.206          0.333          0.339
rider          :          0.002          0.002          0.002
car            :          0.417          0.643          0.683
truck          :          0.082          0.122          0.124
bus            :          0.008          0.008          0.008
train          :          0.000          0.000          0.000
motorcycle     :          0.001          0.001          0.001
bicycle        :          0.023          0.041          0.041
----------------------------------------------------------------
average        :          0.144          0.217          0.236
BEST ITER: 7100


eval start!

################################################################
what           :             AP           AP50           AP25
################################################################
construction+sky:          0.713          0.794          0.810
object         :          0.014          0.026          0.030
nature         :          0.353          0.522          0.560
human          :          0.288          0.633          0.721
vehicle        :          0.551          0.781          0.833
----------------------------------------------------------------
average        :          0.384          0.551          0.591

iteration: 7310 loss: 15.390042877197265 loss_l: 4.916371774673462 loss_m: 5.216273307800293 loss_s: 5.257397937774658
iteration: 7320 loss: 15.327709674835205 loss_l: 4.906025362014771 loss_m: 5.1706122875213625 loss_s: 5.251072216033935
iteration: 7330 loss: 15.44715051651001 loss_l: 4.930261516571045 loss_m: 5.230751848220825 loss_s: 5.286136960983276
iteration: 7340 loss: 15.369519710540771 loss_l: 4.918789958953857 loss_m: 5.1907267570495605 loss_s: 5.260002899169922
iteration: 7350 loss: 15.367176628112793 loss_l: 4.919365072250367 loss_m: 5.185606527328491 loss_s: 5.262204837799072
iteration: 7360 loss: 15.447197914123535 loss_l: 4.9361988544464115 loss_m: 5.2216558933258055 loss_s: 5.2893435001373295
iteration: 7370 loss: 15.516582202911376 loss_l: 4.982795906066895 loss_m: 5.226083135604858 loss_s: 5.307703685760498
iteration: 7380 loss: 15.356611061096192 loss_l: 4.907339096069336 loss_m: 5.190199947357177 loss_s: 5.2590718269348145
iteration: 7390 loss: 15.251875019073486 loss_l: 4.856107759475708 loss_m: 5.157885789871216 loss_s: 5.237881374359131
iteration: 7400 loss: 15.431687927246093 loss_l: 4.959303665161133 loss_m: 5.194988822937011 loss_s: 5.277395296096802
eval start!

################################################################
what           :             AP           AP50           AP25
################################################################
building       :          0.311          0.426          0.458
fence          :          0.065          0.105          0.120
pole           :          0.154          0.309          0.387
traffic light  :          0.051          0.117          0.150
traffic sign   :          0.170          0.282          0.297
vegetation     :          0.522          0.611          0.622
person         :          0.216          0.352          0.360
rider          :          0.002          0.002          0.002
car            :          0.383          0.590          0.628
truck          :          0.065          0.099          0.101
bus            :          0.008          0.008          0.008
train          :          0.000          0.000          0.000
motorcycle     :          0.001          0.001          0.001
bicycle        :          0.013          0.025          0.025
----------------------------------------------------------------
average        :          0.140          0.209          0.226
BEST ITER: 7100


eval start!

################################################################
what           :             AP           AP50           AP25
################################################################
construction+sky:          0.708          0.788          0.803
object         :          0.013          0.024          0.027
nature         :          0.327          0.474          0.509
human          :          0.289          0.634          0.725
vehicle        :          0.546          0.774          0.827
----------------------------------------------------------------
average        :          0.377          0.539          0.579

iteration: 7410 loss: 15.324387073516846 loss_l: 4.904210233688355 loss_m: 5.175404787063599 loss_s: 5.2447716236114506
iteration: 7420 loss: 15.424661636352539 loss_l: 4.95997953414917 loss_m: 5.198766088485717 loss_s: 5.2659159183502195
iteration: 7430 loss: 15.401961708068848 loss_l: 4.907290983200073 loss_m: 5.204370021820068 loss_s: 5.290300512313843
iteration: 7440 loss: 15.320534610748291 loss_l: 4.909196901321411 loss_m: 5.165742254257202 loss_s: 5.245595502853393
iteration: 7450 loss: 15.417803478240966 loss_l: 4.973807048797608 loss_m: 5.188520336151123 loss_s: 5.255476379394532
iteration: 7460 loss: 15.4032413482666 loss_l: 4.923959112167358 loss_m: 5.201556396484375 loss_s: 5.2777258396148685
iteration: 7470 loss: 15.383818912506104 loss_l: 4.920491790771484 loss_m: 5.203965711593628 loss_s: 5.259361600875854
iteration: 7480 loss: 15.382310390472412 loss_l: 4.9649073600769045 loss_m: 5.185818386077881 loss_s: 5.231584644317627
iteration: 7490 loss: 15.384541320800782 loss_l: 4.91353030204773 loss_m: 5.205444478988648 loss_s: 5.265566682815551
iteration: 7500 loss: 15.371805191040039 loss_l: 4.9271056175231935 loss_m: 5.1981213092803955 loss_s: 5.246578502655029
eval start!

################################################################
what           :             AP           AP50           AP25
################################################################
building       :          0.294          0.401          0.431
fence          :          0.062          0.100          0.117
pole           :          0.130          0.254          0.321
traffic light  :          0.051          0.121          0.149
traffic sign   :          0.208          0.333          0.347
vegetation     :          0.509          0.582          0.590
person         :          0.206          0.330          0.335
rider          :          0.002          0.002          0.002
car            :          0.375          0.577          0.615
truck          :          0.067          0.103          0.106
bus            :          0.008          0.008          0.008
train          :          0.000          0.000          0.000
motorcycle     :          0.001          0.001          0.001
bicycle        :          0.030          0.070          0.070
----------------------------------------------------------------
average        :          0.139          0.206          0.221
BEST ITER: 7100


eval start!

################################################################
what           :             AP           AP50           AP25
################################################################
construction+sky:          0.702          0.785          0.801
object         :          0.016          0.030          0.034
nature         :          0.339          0.487          0.521
human          :          0.310          0.674          0.758
vehicle        :          0.526          0.746          0.801
----------------------------------------------------------------
average        :          0.378          0.544          0.583

iteration: 7510 loss: 15.322030162811279 loss_l: 4.913406705856323 loss_m: 5.168062162399292 loss_s: 5.240561532974243
iteration: 7520 loss: 15.153845500946044 loss_l: 4.845857048034668 loss_m: 5.127748584747314 loss_s: 5.180239963531494
iteration: 7530 loss: 15.379484462738038 loss_l: 4.930280447006226 loss_m: 5.177026796340942 loss_s: 5.272177505493164
iteration: 7540 loss: 15.182631015777588 loss_l: 4.878345346450805 loss_m: 5.120715665817261 loss_s: 5.183570003509521
iteration: 7550 loss: 15.354221534729003 loss_l: 4.890592384338379 loss_m: 5.202711868286133 loss_s: 5.260917520523071
iteration: 7560 loss: 15.213052654266358 loss_l: 4.878820180892944 loss_m: 5.135287189483643 loss_s: 5.198945474624634
iteration: 7570 loss: 15.380612850189209 loss_l: 4.911401987075806 loss_m: 5.184229755401612 loss_s: 5.284981107711792
iteration: 7580 loss: 15.364497852325439 loss_l: 4.932545852661133 loss_m: 5.180899143218994 loss_s: 5.25105299949646
iteration: 7590 loss: 15.28055191040039 loss_l: 4.898679399490357 loss_m: 5.168059921264648 loss_s: 5.2138128757476805
iteration: 7600 loss: 15.292602729797363 loss_l: 4.875447988510132 loss_m: 5.163524198532104 loss_s: 5.2536310195922855
eval start!

################################################################
what           :             AP           AP50           AP25
################################################################
building       :          0.307          0.419          0.450
fence          :          0.059          0.091          0.103
pole           :          0.150          0.296          0.372
traffic light  :          0.050          0.120          0.156
traffic sign   :          0.166          0.275          0.287
vegetation     :          0.516          0.597          0.607
person         :          0.187          0.292          0.298
rider          :          0.002          0.002          0.002
car            :          0.362          0.555          0.594
truck          :          0.061          0.095          0.099
bus            :          0.008          0.008          0.008
train          :          0.000          0.000          0.000
motorcycle     :          0.001          0.001          0.001
bicycle        :          0.035          0.079          0.079
----------------------------------------------------------------
average        :          0.136          0.202          0.218
BEST ITER: 7100


eval start!

################################################################
what           :             AP           AP50           AP25
################################################################
construction+sky:          0.707          0.778          0.793
object         :          0.013          0.024          0.028
nature         :          0.318          0.463          0.499
human          :          0.305          0.676          0.767
vehicle        :          0.546          0.770          0.824
----------------------------------------------------------------
average        :          0.378          0.542          0.582

iteration: 7610 loss: 15.305185031890868 loss_l: 4.890381717681885 loss_m: 5.1715435028076175 loss_s: 5.2432598114013675
iteration: 7620 loss: 15.313100719451905 loss_l: 4.91810450553894 loss_m: 5.1733870029449465 loss_s: 5.2216087818145756
iteration: 7630 loss: 15.333566188812256 loss_l: 4.883761978149414 loss_m: 5.175145244598388 loss_s: 5.274659156799316
iteration: 7640 loss: 15.235707855224609 loss_l: 4.8836534976959225 loss_m: 5.139174556732177 loss_s: 5.212879800796509
iteration: 7650 loss: 15.409554481506348 loss_l: 4.928071928024292 loss_m: 5.207749557495117 loss_s: 5.2737329483032225
iteration: 7660 loss: 15.431808471679688 loss_l: 4.960141992568969 loss_m: 5.19512972831726 loss_s: 5.276536512374878
iteration: 7670 loss: 15.235965538024903 loss_l: 4.8876138687133786 loss_m: 5.139988040924072 loss_s: 5.2083635330200195
iteration: 7680 loss: 15.329059600830078 loss_l: 4.902251863479615 loss_m: 5.17488694190979 loss_s: 5.251921081542969
iteration: 7690 loss: 15.385660743713379 loss_l: 4.956749057769775 loss_m: 5.192438793182373 loss_s: 5.236472845077515
iteration: 7700 loss: 15.303856468200683 loss_l: 4.921050691604615 loss_m: 5.163429689407349 loss_s: 5.219375944137573
eval start!

################################################################
what           :             AP           AP50           AP25
################################################################
building       :          0.308          0.423          0.455
fence          :          0.072          0.120          0.135
pole           :          0.149          0.295          0.367
traffic light  :          0.041          0.104          0.128
traffic sign   :          0.170          0.280          0.294
vegetation     :          0.519          0.612          0.625
person         :          0.219          0.363          0.371
rider          :          0.002          0.002          0.002
car            :          0.394          0.602          0.637
truck          :          0.072          0.114          0.119
bus            :          0.008          0.008          0.008
train          :          0.000          0.000          0.000
motorcycle     :          0.001          0.001          0.001
bicycle        :          0.014          0.029          0.029
----------------------------------------------------------------
average        :          0.141          0.211          0.227
BEST ITER: 7100


eval start!

################################################################
what           :             AP           AP50           AP25
################################################################
construction+sky:          0.702          0.785          0.801
object         :          0.013          0.023          0.026
nature         :          0.322          0.461          0.495
human          :          0.307          0.693          0.795
vehicle        :          0.560          0.790          0.842
----------------------------------------------------------------
average        :          0.381          0.550          0.592

iteration: 7710 loss: 15.43387966156006 loss_l: 4.935126543045044 loss_m: 5.211004161834717 loss_s: 5.287748670578003
iteration: 7720 loss: 15.397679042816161 loss_l: 4.909604692459107 loss_m: 5.212659406661987 loss_s: 5.275414943695068
iteration: 7730 loss: 15.332674407958985 loss_l: 4.875521087646485 loss_m: 5.190647888183594 loss_s: 5.266505384445191
iteration: 7740 loss: 15.193037796020509 loss_l: 4.85105710029602 loss_m: 5.1213150978088375 loss_s: 5.220665311813354
iteration: 7750 loss: 15.286760902404785 loss_l: 4.871539688110351 loss_m: 5.178546953201294 loss_s: 5.236674118041992
iteration: 7760 loss: 15.341955184936523 loss_l: 4.891885423660279 loss_m: 5.166161346435547 loss_s: 5.283908033370972
iteration: 7770 loss: 15.360369682312012 loss_l: 4.906682872772217 loss_m: 5.200960397720337 loss_s: 5.25272650718689
iteration: 7780 loss: 15.293188285827636 loss_l: 4.8955652713775635 loss_m: 5.153546524047852 loss_s: 5.244076490402222
iteration: 7790 loss: 15.371557235717773 loss_l: 4.928362846374512 loss_m: 5.182142734527588 loss_s: 5.261051750183105
iteration: 7800 loss: 15.311503410339355 loss_l: 4.903795909881592 loss_m: 5.1744462013244625 loss_s: 5.233261489868164
eval start!

################################################################
what           :             AP           AP50           AP25
################################################################
building       :          0.316          0.436          0.468
fence          :          0.070          0.120          0.141
pole           :          0.138          0.277          0.362
traffic light  :          0.064          0.147          0.183
traffic sign   :          0.193          0.319          0.334
vegetation     :          0.520          0.605          0.616
person         :          0.222          0.363          0.370
rider          :          0.002          0.002          0.002
car            :          0.393          0.610          0.650
truck          :          0.077          0.120          0.124
bus            :          0.008          0.008          0.008
train          :          0.000          0.000          0.000
motorcycle     :          0.001          0.001          0.001
bicycle        :          0.021          0.040          0.040
----------------------------------------------------------------
average        :          0.145          0.218          0.236
BEST ITER: 7100


eval start!

################################################################
what           :             AP           AP50           AP25
################################################################
construction+sky:          0.705          0.783          0.799
object         :          0.015          0.029          0.034
nature         :          0.330          0.470          0.502
human          :          0.303          0.669          0.765
vehicle        :          0.526          0.748          0.802
----------------------------------------------------------------
average        :          0.376          0.540          0.581

iteration: 7810 loss: 15.339907169342041 loss_l: 4.934460020065307 loss_m: 5.171184110641479 loss_s: 5.234262895584107
iteration: 7820 loss: 15.332448768615723 loss_l: 4.915636253356934 loss_m: 5.182440328598022 loss_s: 5.234372091293335
iteration: 7830 loss: 15.299301528930664 loss_l: 4.909559917449951 loss_m: 5.183247709274292 loss_s: 5.206493949890136
iteration: 7840 loss: 15.357776737213134 loss_l: 4.9053257465362545 loss_m: 5.206792259216309 loss_s: 5.245658683776855
iteration: 7850 loss: 15.426026344299316 loss_l: 4.930325031280518 loss_m: 5.205078983306885 loss_s: 5.290622615814209
iteration: 7860 loss: 15.403392028808593 loss_l: 4.9365418434143065 loss_m: 5.189180326461792 loss_s: 5.277669668197632
iteration: 7870 loss: 15.54318971633911 loss_l: 4.976237344741821 loss_m: 5.2428505420684814 loss_s: 5.324102115631104
iteration: 7880 loss: 15.295825672149657 loss_l: 4.891443967819214 loss_m: 5.183202171325684 loss_s: 5.221179628372193
iteration: 7890 loss: 15.23308162689209 loss_l: 4.879017925262451 loss_m: 5.144765901565552 loss_s: 5.209297847747803
iteration: 7900 loss: 15.25482816696167 loss_l: 4.878973054885864 loss_m: 5.147384691238403 loss_s: 5.228470182418823
eval start!

################################################################
what           :             AP           AP50           AP25
################################################################
building       :          0.309          0.424          0.456
fence          :          0.067          0.111          0.130
pole           :          0.131          0.258          0.344
traffic light  :          0.069          0.159          0.207
traffic sign   :          0.144          0.238          0.250
vegetation     :          0.520          0.605          0.617
person         :          0.203          0.326          0.333
rider          :          0.002          0.002          0.002
car            :          0.384          0.583          0.617
truck          :          0.067          0.105          0.108
bus            :          0.008          0.008          0.008
train          :          0.000          0.000          0.000
motorcycle     :          0.001          0.001          0.001
bicycle        :          0.025          0.053          0.053
----------------------------------------------------------------
average        :          0.138          0.205          0.223
BEST ITER: 7100


eval start!

################################################################
what           :             AP           AP50           AP25
################################################################
construction+sky:          0.704          0.780          0.794
object         :          0.013          0.024          0.028
nature         :          0.328          0.473          0.508
human          :          0.315          0.687          0.779
vehicle        :          0.525          0.744          0.798
----------------------------------------------------------------
average        :          0.377          0.542          0.581

iteration: 7910 loss: 15.346284294128418 loss_l: 4.92745885848999 loss_m: 5.193198919296265 loss_s: 5.225626277923584
iteration: 7920 loss: 15.345063495635987 loss_l: 4.911188697814941 loss_m: 5.169420146942139 loss_s: 5.26445460319519
iteration: 7930 loss: 15.23492660522461 loss_l: 4.879873466491699 loss_m: 5.140204620361328 loss_s: 5.214848470687866
iteration: 7940 loss: 15.21387300491333 loss_l: 4.864495182037354 loss_m: 5.141877603530884 loss_s: 5.207500171661377
iteration: 7950 loss: 15.367264747619629 loss_l: 4.9426671981811525 loss_m: 5.191524934768677 loss_s: 5.233072137832641
iteration: 7960 loss: 15.25979824066162 loss_l: 4.873719787597656 loss_m: 5.166541337966919 loss_s: 5.219536542892456
iteration: 7970 loss: 15.266657161712647 loss_l: 4.852192544937134 loss_m: 5.172555637359619 loss_s: 5.24190878868103
iteration: 7980 loss: 15.262712955474854 loss_l: 4.871254110336304 loss_m: 5.1704260349273685 loss_s: 5.221033143997192
iteration: 7990 loss: 15.346252346038819 loss_l: 4.914479303359985 loss_m: 5.18286509513855 loss_s: 5.248907899856567
iteration: 8000 loss: 15.332546997070313 loss_l: 4.894582891464234 loss_m: 5.173233366012573 loss_s: 5.264730644226074
eval start!

################################################################
what           :             AP           AP50           AP25
################################################################
building       :          0.307          0.419          0.450
fence          :          0.066          0.106          0.124
pole           :          0.148          0.305          0.406
traffic light  :          0.090          0.196          0.240
traffic sign   :          0.164          0.271          0.286
vegetation     :          0.519          0.611          0.623
person         :          0.212          0.346          0.354
rider          :          0.002          0.002          0.002
car            :          0.390          0.577          0.609
truck          :          0.062          0.097          0.101
bus            :          0.008          0.008          0.008
train          :          0.000          0.000          0.000
motorcycle     :          0.001          0.001          0.001
bicycle        :          0.030          0.064          0.064
----------------------------------------------------------------
average        :          0.143          0.215          0.233
BEST ITER: 7100


eval start!

################################################################
what           :             AP           AP50           AP25
################################################################
construction+sky:          0.704          0.779          0.793
object         :          0.013          0.023          0.026
nature         :          0.338          0.493          0.530
human          :          0.307          0.672          0.764
vehicle        :          0.546          0.770          0.824
----------------------------------------------------------------
average        :          0.382          0.547          0.588

iteration: 8010 loss: 15.242835330963135 loss_l: 4.879366636276245 loss_m: 5.143363332748413 loss_s: 5.220105600357056
iteration: 8020 loss: 15.284053993225097 loss_l: 4.893377733230591 loss_m: 5.157998704910279 loss_s: 5.232677364349366
iteration: 8030 loss: 15.434740257263183 loss_l: 4.938070440292359 loss_m: 5.218304443359375 loss_s: 5.278365564346314
iteration: 8040 loss: 15.405973625183105 loss_l: 4.949148321151734 loss_m: 5.209275531768799 loss_s: 5.247549772262573
iteration: 8050 loss: 15.183156204223632 loss_l: 4.857208013534546 loss_m: 5.127654933929444 loss_s: 5.198293161392212
iteration: 8060 loss: 15.183441638946533 loss_l: 4.834893655776978 loss_m: 5.166893148422242 loss_s: 5.1816551208496096
iteration: 8070 loss: 15.300504589080811 loss_l: 4.873030757904052 loss_m: 5.17126989364624 loss_s: 5.256204080581665
iteration: 8080 loss: 15.198842239379882 loss_l: 4.84245114326477 loss_m: 5.145706224441528 loss_s: 5.210685110092163
iteration: 8090 loss: 15.384612083435059 loss_l: 4.934335422515869 loss_m: 5.186304807662964 loss_s: 5.263971519470215
iteration: 8100 loss: 15.305633544921875 loss_l: 4.895902681350708 loss_m: 5.153605890274048 loss_s: 5.256124973297119
eval start!

################################################################
what           :             AP           AP50           AP25
################################################################
building       :          0.309          0.422          0.453
fence          :          0.063          0.102          0.119
pole           :          0.144          0.287          0.367
traffic light  :          0.062          0.144          0.180
traffic sign   :          0.197          0.323          0.337
vegetation     :          0.522          0.610          0.621
person         :          0.203          0.324          0.333
rider          :          0.002          0.002          0.002
car            :          0.380          0.576          0.611
truck          :          0.063          0.099          0.102
bus            :          0.008          0.008          0.008
train          :          0.000          0.000          0.000
motorcycle     :          0.001          0.001          0.001
bicycle        :          0.019          0.036          0.036
----------------------------------------------------------------
average        :          0.141          0.209          0.227
BEST ITER: 7100


eval start!

################################################################
what           :             AP           AP50           AP25
################################################################
construction+sky:          0.703          0.782          0.798
object         :          0.012          0.022          0.025
nature         :          0.334          0.482          0.517
human          :          0.296          0.658          0.758
vehicle        :          0.548          0.770          0.823
----------------------------------------------------------------
average        :          0.378          0.543          0.584

iteration: 8110 loss: 15.1637713432312 loss_l: 4.8390649318695065 loss_m: 5.1246428966522215 loss_s: 5.200063276290893
iteration: 8120 loss: 15.342318248748779 loss_l: 4.899271011352539 loss_m: 5.162939167022705 loss_s: 5.280108261108398
iteration: 8130 loss: 15.304164409637451 loss_l: 4.9005309581756595 loss_m: 5.161090946197509 loss_s: 5.242542457580567
iteration: 8140 loss: 15.271953296661376 loss_l: 4.904294633865357 loss_m: 5.13131194114685 loss_s: 5.236346340179443
iteration: 8150 loss: 15.317404079437257 loss_l: 4.899787712097168 loss_m: 5.1647748947143555 loss_s: 5.252841377258301
iteration: 8160 loss: 15.229564476013184 loss_l: 4.847691202163697 loss_m: 5.156269216537476 loss_s: 5.225603914260864
iteration: 8170 loss: 15.181430339813232 loss_l: 4.87065806388855 loss_m: 5.127502965927124 loss_s: 5.183269262313843
iteration: 8180 loss: 15.12568473815918 loss_l: 4.830978202819824 loss_m: 5.122309732437134 loss_s: 5.17239670753479
iteration: 8190 loss: 15.293088150024413 loss_l: 4.9037693500518795 loss_m: 5.151815128326416 loss_s: 5.237503719329834
iteration: 8200 loss: 15.299674034118652 loss_l: 4.911849594116211 loss_m: 5.159810972213745 loss_s: 5.228012990951538
eval start!

################################################################
what           :             AP           AP50           AP25
################################################################
building       :          0.298          0.407          0.438
fence          :          0.063          0.100          0.114
pole           :          0.153          0.299          0.383
traffic light  :          0.072          0.159          0.197
traffic sign   :          0.205          0.326          0.341
vegetation     :          0.521          0.612          0.624
person         :          0.220          0.361          0.368
rider          :          0.002          0.002          0.002
car            :          0.367          0.553          0.586
truck          :          0.059          0.090          0.094
bus            :          0.008          0.008          0.008
train          :          0.000          0.000          0.000
motorcycle     :          0.001          0.001          0.001
bicycle        :          0.032          0.080          0.080
----------------------------------------------------------------
average        :          0.143          0.214          0.231
BEST ITER: 7100


eval start!

################################################################
what           :             AP           AP50           AP25
################################################################
construction+sky:          0.700          0.780          0.796
object         :          0.014          0.025          0.029
nature         :          0.337          0.491          0.526
human          :          0.303          0.647          0.731
vehicle        :          0.542          0.767          0.818
----------------------------------------------------------------
average        :          0.379          0.542          0.580

iteration: 8210 loss: 15.33739595413208 loss_l: 4.910883808135987 loss_m: 5.192668676376343 loss_s: 5.233842945098877
iteration: 8220 loss: 15.183324909210205 loss_l: 4.853366565704346 loss_m: 5.130130195617676 loss_s: 5.199827814102173
iteration: 8230 loss: 15.140729904174805 loss_l: 4.830269718170166 loss_m: 5.122072362899781 loss_s: 5.188388061523438
iteration: 8240 loss: 15.298860931396485 loss_l: 4.896937513351441 loss_m: 5.1573926448822025 loss_s: 5.244530582427979
iteration: 8250 loss: 15.180610179901123 loss_l: 4.834368658065796 loss_m: 5.141772127151489 loss_s: 5.2044695854187015
iteration: 8260 loss: 15.199130249023437 loss_l: 4.85546727180481 loss_m: 5.1447678565979 loss_s: 5.19889497756958
iteration: 8270 loss: 15.039464950561523 loss_l: 4.811727905273438 loss_m: 5.08018741607666 loss_s: 5.147549295425415
iteration: 8280 loss: 15.12839412689209 loss_l: 4.827965593338012 loss_m: 5.103927421569824 loss_s: 5.196501398086548
iteration: 8290 loss: 15.168014335632325 loss_l: 4.838684558868408 loss_m: 5.135701990127563 loss_s: 5.193627977371216
iteration: 8300 loss: 15.27018928527832 loss_l: 4.886015796661377 loss_m: 5.173311996459961 loss_s: 5.210861539840698
eval start!

################################################################
what           :             AP           AP50           AP25
################################################################
building       :          0.297          0.403          0.433
fence          :          0.060          0.092          0.106
pole           :          0.149          0.291          0.362
traffic light  :          0.061          0.140          0.176
traffic sign   :          0.203          0.325          0.340
vegetation     :          0.510          0.585          0.594
person         :          0.200          0.318          0.325
rider          :          0.002          0.002          0.002
car            :          0.371          0.570          0.609
truck          :          0.065          0.099          0.102
bus            :          0.008          0.008          0.008
train          :          0.000          0.000          0.000
motorcycle     :          0.001          0.001          0.001
bicycle        :          0.021          0.043          0.043
----------------------------------------------------------------
average        :          0.139          0.206          0.222
BEST ITER: 7100


eval start!

################################################################
what           :             AP           AP50           AP25
################################################################
construction+sky:          0.701          0.777          0.793
object         :          0.014          0.027          0.032
nature         :          0.328          0.470          0.503
human          :          0.297          0.660          0.758
vehicle        :          0.529          0.752          0.806
----------------------------------------------------------------
average        :          0.374          0.537          0.578

iteration: 8310 loss: 15.195217514038086 loss_l: 4.855939674377441 loss_m: 5.138802528381348 loss_s: 5.200475597381592
iteration: 8320 loss: 15.220680427551269 loss_l: 4.86099853515625 loss_m: 5.1367237091064455 loss_s: 5.222958421707153
iteration: 8330 loss: 15.322206497192383 loss_l: 4.921658372879028 loss_m: 5.161182498931884 loss_s: 5.239366102218628
iteration: 8340 loss: 15.181090068817138 loss_l: 4.860020446777344 loss_m: 5.134863948822021 loss_s: 5.186205339431763
iteration: 8350 loss: 14.997888946533203 loss_l: 4.797607898712158 loss_m: 5.060503625869751 loss_s: 5.13977746963501
iteration: 8360 loss: 15.288577556610107 loss_l: 4.891894817352295 loss_m: 5.157275772094726 loss_s: 5.239406967163086
iteration: 8370 loss: 15.191237831115723 loss_l: 4.859530019760132 loss_m: 5.131108283996582 loss_s: 5.200599431991577
iteration: 8380 loss: 15.146219730377197 loss_l: 4.852761697769165 loss_m: 5.124868106842041 loss_s: 5.168589973449707
iteration: 8390 loss: 15.182505226135254 loss_l: 4.8524995803833 loss_m: 5.128701305389404 loss_s: 5.201304340362549
iteration: 8400 loss: 15.268438816070557 loss_l: 4.891529178619384 loss_m: 5.170627880096435 loss_s: 5.206281566619873
eval start!

################################################################
what           :             AP           AP50           AP25
################################################################
building       :          0.300          0.409          0.439
fence          :          0.068          0.112          0.129
pole           :          0.152          0.304          0.394
traffic light  :          0.066          0.153          0.195
traffic sign   :          0.191          0.308          0.322
vegetation     :          0.518          0.604          0.615
person         :          0.212          0.341          0.347
rider          :          0.002          0.002          0.002
car            :          0.397          0.594          0.628
truck          :          0.063          0.099          0.103
bus            :          0.008          0.008          0.008
train          :          0.000          0.000          0.000
motorcycle     :          0.001          0.001          0.001
bicycle        :          0.023          0.043          0.043
----------------------------------------------------------------
average        :          0.143          0.213          0.230
BEST ITER: 7100


eval start!

################################################################
what           :             AP           AP50           AP25
################################################################
construction+sky:          0.707          0.786          0.801
object         :          0.013          0.024          0.027
nature         :          0.335          0.489          0.526
human          :          0.298          0.664          0.755
vehicle        :          0.548          0.774          0.828
----------------------------------------------------------------
average        :          0.380          0.547          0.588

iteration: 8410 loss: 15.178275680541992 loss_l: 4.847882890701294 loss_m: 5.13162932395935 loss_s: 5.198763847351074
iteration: 8420 loss: 15.25077133178711 loss_l: 4.884368133544922 loss_m: 5.150502681732178 loss_s: 5.215900516510009
iteration: 8430 loss: 15.2136812210083 loss_l: 4.838537979125976 loss_m: 5.153060102462769 loss_s: 5.222082996368409
iteration: 8440 loss: 15.09301233291626 loss_l: 4.80752911567688 loss_m: 5.112587881088257 loss_s: 5.1728949546813965
iteration: 8450 loss: 15.344567489624023 loss_l: 4.9019026279449465 loss_m: 5.18217625617981 loss_s: 5.260488653182984
=====epoch 3
iteration: 8460 loss: 15.224890613555909 loss_l: 4.86673150062561 loss_m: 5.156217336654663 loss_s: 5.201941919326782
iteration: 8470 loss: 15.370409488677979 loss_l: 4.929518461227417 loss_m: 5.184423446655273 loss_s: 5.256467580795288
iteration: 8480 loss: 15.10411195755005 loss_l: 4.830047464370727 loss_m: 5.121536064147949 loss_s: 5.152528572082519
iteration: 8490 loss: 15.099429321289062 loss_l: 4.832715892791748 loss_m: 5.097646236419678 loss_s: 5.169067287445069
iteration: 8500 loss: 15.243016815185547 loss_l: 4.889384174346924 loss_m: 5.1379200458526615 loss_s: 5.215712308883667
eval start!

################################################################
what           :             AP           AP50           AP25
################################################################
building       :          0.319          0.440          0.472
fence          :          0.071          0.119          0.138
pole           :          0.162          0.324          0.412
traffic light  :          0.061          0.138          0.171
traffic sign   :          0.178          0.292          0.305
vegetation     :          0.525          0.623          0.637
person         :          0.202          0.318          0.326
rider          :          0.002          0.002          0.002
car            :          0.382          0.585          0.622
truck          :          0.065          0.101          0.105
bus            :          0.008          0.008          0.008
train          :          0.000          0.000          0.000
motorcycle     :          0.001          0.001          0.001
bicycle        :          0.033          0.077          0.077
----------------------------------------------------------------
average        :          0.144          0.216          0.234
BEST ITER: 7100


eval start!

################################################################
what           :             AP           AP50           AP25
################################################################
construction+sky:          0.701          0.773          0.787
object         :          0.013          0.023          0.027
nature         :          0.335          0.488          0.524
human          :          0.302          0.653          0.745
vehicle        :          0.522          0.742          0.795
----------------------------------------------------------------
average        :          0.375          0.536          0.575

iteration: 8510 loss: 15.056895351409912 loss_l: 4.795940303802491 loss_m: 5.086472368240356 loss_s: 5.1744824886322025
iteration: 8520 loss: 15.318380737304688 loss_l: 4.889125347137451 loss_m: 5.171218538284302 loss_s: 5.25803689956665
iteration: 8530 loss: 15.269190120697022 loss_l: 4.87632737159729 loss_m: 5.150614976882935 loss_s: 5.242247724533081
iteration: 8540 loss: 15.206842041015625 loss_l: 4.8338319778442385 loss_m: 5.126334285736084 loss_s: 5.24667592048645
iteration: 8550 loss: 15.266908168792725 loss_l: 4.90264368057251 loss_m: 5.14730134010315 loss_s: 5.216962766647339
iteration: 8560 loss: 15.177872276306152 loss_l: 4.860834741592408 loss_m: 5.116453170776367 loss_s: 5.200584363937378
iteration: 8570 loss: 15.10042314529419 loss_l: 4.802344799041748 loss_m: 5.095957612991333 loss_s: 5.2021208763122555
iteration: 8580 loss: 15.211859607696534 loss_l: 4.861745738983155 loss_m: 5.148874187469483 loss_s: 5.2012396335601805
iteration: 8590 loss: 15.160946655273438 loss_l: 4.852126121520996 loss_m: 5.1272056102752686 loss_s: 5.181614780426026
iteration: 8600 loss: 15.10420627593994 loss_l: 4.830467081069946 loss_m: 5.101186656951905 loss_s: 5.172552394866943
eval start!

################################################################
what           :             AP           AP50           AP25
################################################################
building       :          0.312          0.430          0.462
fence          :          0.069          0.117          0.136
pole           :          0.145          0.278          0.351
traffic light  :          0.066          0.151          0.186
traffic sign   :          0.176          0.285          0.299
vegetation     :          0.523          0.617          0.631
person         :          0.203          0.326          0.333
rider          :          0.002          0.002          0.002
car            :          0.378          0.577          0.614
truck          :          0.065          0.097          0.100
bus            :          0.008          0.008          0.008
train          :          0.000          0.000          0.000
motorcycle     :          0.001          0.001          0.001
bicycle        :          0.046          0.123          0.123
----------------------------------------------------------------
average        :          0.142          0.215          0.232
BEST ITER: 7100


eval start!

################################################################
what           :             AP           AP50           AP25
################################################################
construction+sky:          0.709          0.786          0.800
object         :          0.013          0.022          0.025
nature         :          0.331          0.486          0.524
human          :          0.312          0.683          0.779
vehicle        :          0.557          0.784          0.838
----------------------------------------------------------------
average        :          0.384          0.552          0.594

iteration: 8610 loss: 15.279621410369874 loss_l: 4.890641880035401 loss_m: 5.16042537689209 loss_s: 5.228554058074951
iteration: 8620 loss: 15.366209888458252 loss_l: 4.9120489120483395 loss_m: 5.2041552543640135 loss_s: 5.250005388259888
iteration: 8630 loss: 15.18224811553955 loss_l: 4.8372204303741455 loss_m: 5.14108247756958 loss_s: 5.203945207595825
iteration: 8640 loss: 15.159328651428222 loss_l: 4.826866579055786 loss_m: 5.122458219528198 loss_s: 5.210003805160523
iteration: 8650 loss: 15.238869667053223 loss_l: 4.888123416900635 loss_m: 5.130017328262329 loss_s: 5.220728921890259
iteration: 8660 loss: 15.071029758453369 loss_l: 4.814929246902466 loss_m: 5.104871511459351 loss_s: 5.1512288570404055
iteration: 8670 loss: 15.248306465148925 loss_l: 4.877839279174805 loss_m: 5.146978092193604 loss_s: 5.223489046096802
iteration: 8680 loss: 15.166291999816895 loss_l: 4.848743534088134 loss_m: 5.1237095355987545 loss_s: 5.193838739395142
iteration: 8690 loss: 15.058351135253906 loss_l: 4.800932931900024 loss_m: 5.090619277954102 loss_s: 5.1667993545532225
iteration: 8700 loss: 15.151977729797363 loss_l: 4.8068798065185545 loss_m: 5.134821081161499 loss_s: 5.210277080535889
eval start!

################################################################
what           :             AP           AP50           AP25
################################################################
building       :          0.315          0.432          0.463
fence          :          0.067          0.109          0.126
pole           :          0.154          0.297          0.367
traffic light  :          0.050          0.115          0.145
traffic sign   :          0.194          0.315          0.330
vegetation     :          0.523          0.617          0.631
person         :          0.217          0.348          0.354
rider          :          0.002          0.002          0.002
car            :          0.367          0.555          0.590
truck          :          0.062          0.099          0.102
bus            :          0.008          0.008          0.008
train          :          0.000          0.000          0.000
motorcycle     :          0.001          0.001          0.001
bicycle        :          0.017          0.039          0.039
----------------------------------------------------------------
average        :          0.141          0.210          0.226
BEST ITER: 7100


eval start!

################################################################
what           :             AP           AP50           AP25
################################################################
construction+sky:          0.706          0.781          0.795
object         :          0.012          0.019          0.021
nature         :          0.337          0.491          0.528
human          :          0.299          0.658          0.750
vehicle        :          0.539          0.761          0.815
----------------------------------------------------------------
average        :          0.378          0.542          0.582

iteration: 8710 loss: 15.158029747009277 loss_l: 4.826900386810303 loss_m: 5.130637311935425 loss_s: 5.200492334365845
iteration: 8720 loss: 15.181609630584717 loss_l: 4.839117479324341 loss_m: 5.125229740142823 loss_s: 5.21726245880127
iteration: 8730 loss: 15.30376319885254 loss_l: 4.901208972930908 loss_m: 5.172164583206177 loss_s: 5.230389404296875
iteration: 8740 loss: 15.05334243774414 loss_l: 4.816607427597046 loss_m: 5.085411643981933 loss_s: 5.151322984695435
iteration: 8750 loss: 15.179261684417725 loss_l: 4.823042583465576 loss_m: 5.1653454303741455 loss_s: 5.190873670578003
iteration: 8760 loss: 15.180389022827148 loss_l: 4.8679603099822994 loss_m: 5.1216668605804445 loss_s: 5.190761661529541
iteration: 8770 loss: 15.150486660003661 loss_l: 4.842598152160645 loss_m: 5.122938346862793 loss_s: 5.184950160980224
iteration: 8780 loss: 15.184156799316407 loss_l: 4.871300840377808 loss_m: 5.124007511138916 loss_s: 5.188848352432251
iteration: 8790 loss: 15.052106952667236 loss_l: 4.806977462768555 loss_m: 5.081377696990967 loss_s: 5.163751554489136
iteration: 8800 loss: 15.198169803619384 loss_l: 4.893739795684814 loss_m: 5.11964373588562 loss_s: 5.184786462783814
eval start!

################################################################
what           :             AP           AP50           AP25
################################################################
building       :          0.316          0.433          0.465
fence          :          0.070          0.117          0.136
pole           :          0.157          0.314          0.398
traffic light  :          0.047          0.117          0.152
traffic sign   :          0.188          0.316          0.332
vegetation     :          0.520          0.613          0.626
person         :          0.214          0.346          0.351
rider          :          0.002          0.002          0.002
car            :          0.374          0.572          0.609
truck          :          0.065          0.101          0.104
bus            :          0.008          0.008          0.008
train          :          0.000          0.000          0.000
motorcycle     :          0.001          0.001          0.001
bicycle        :          0.035          0.090          0.090
----------------------------------------------------------------
average        :          0.143          0.216          0.234
BEST ITER: 7100


eval start!

################################################################
what           :             AP           AP50           AP25
################################################################
construction+sky:          0.709          0.789          0.805
object         :          0.013          0.025          0.029
nature         :          0.350          0.512          0.550
human          :          0.315          0.704          0.803
vehicle        :          0.542          0.766          0.819
----------------------------------------------------------------
average        :          0.386          0.559          0.601

iteration: 8810 loss: 15.258003616333008 loss_l: 4.88234133720398 loss_m: 5.154437160491943 loss_s: 5.221225357055664
iteration: 8820 loss: 15.246690654754639 loss_l: 4.869811534881592 loss_m: 5.146677875518799 loss_s: 5.230201148986817
iteration: 8830 loss: 15.178835773468018 loss_l: 4.868356704711914 loss_m: 5.135437250137329 loss_s: 5.175041913986206
iteration: 8840 loss: 15.127683734893798 loss_l: 4.83378233909607 loss_m: 5.114817094802857 loss_s: 5.179084253311157
iteration: 8850 loss: 15.078540325164795 loss_l: 4.804508304595947 loss_m: 5.088829088211059 loss_s: 5.185202646255493
iteration: 8860 loss: 15.175902080535888 loss_l: 4.82789101600647 loss_m: 5.144726848602295 loss_s: 5.203283882141113
iteration: 8870 loss: 15.106752586364745 loss_l: 4.839450073242188 loss_m: 5.093155145645142 loss_s: 5.174147415161133
iteration: 8880 loss: 15.173977851867676 loss_l: 4.842640209197998 loss_m: 5.106962203979492 loss_s: 5.224375438690186
iteration: 8890 loss: 15.096481609344483 loss_l: 4.81561803817749 loss_m: 5.103800201416016 loss_s: 5.1770631790161135
iteration: 8900 loss: 15.090415287017823 loss_l: 4.8295375347137455 loss_m: 5.098107147216797 loss_s: 5.1627706527709964
eval start!

################################################################
what           :             AP           AP50           AP25
################################################################
building       :          0.308          0.421          0.453
fence          :          0.072          0.120          0.137
pole           :          0.150          0.284          0.346
traffic light  :          0.047          0.104          0.130
traffic sign   :          0.182          0.300          0.316
vegetation     :          0.521          0.612          0.625
person         :          0.209          0.336          0.343
rider          :          0.002          0.002          0.002
car            :          0.381          0.583          0.620
truck          :          0.063          0.097          0.100
bus            :          0.008          0.008          0.008
train          :          0.000          0.000          0.000
motorcycle     :          0.001          0.001          0.001
bicycle        :          0.033          0.093          0.093
----------------------------------------------------------------
average        :          0.141          0.212          0.227
BEST ITER: 7100


eval start!

################################################################
what           :             AP           AP50           AP25
################################################################
construction+sky:          0.704          0.777          0.791
object         :          0.013          0.024          0.026
nature         :          0.318          0.461          0.498
human          :          0.300          0.665          0.760
vehicle        :          0.545          0.769          0.822
----------------------------------------------------------------
average        :          0.376          0.539          0.580

iteration: 8910 loss: 15.213542938232422 loss_l: 4.835414028167724 loss_m: 5.139514589309693 loss_s: 5.238614511489868
iteration: 8920 loss: 15.152865600585937 loss_l: 4.846355152130127 loss_m: 5.1123247146606445 loss_s: 5.194186019897461
iteration: 8930 loss: 15.301707744598389 loss_l: 4.898112773895264 loss_m: 5.14720778465271 loss_s: 5.256387233734131
iteration: 8940 loss: 14.997941493988037 loss_l: 4.790869522094726 loss_m: 5.056334161758423 loss_s: 5.150737762451172
iteration: 8950 loss: 15.187465190887451 loss_l: 4.8584026336669925 loss_m: 5.125155782699585 loss_s: 5.203906631469726
iteration: 8960 loss: 15.277542877197266 loss_l: 4.922530317306519 loss_m: 5.132278060913086 loss_s: 5.222734451293945
iteration: 8970 loss: 15.348177433013916 loss_l: 4.897562789916992 loss_m: 5.184464836120606 loss_s: 5.266150236129761
iteration: 8980 loss: 15.093202686309814 loss_l: 4.823899269104004 loss_m: 5.107202339172363 loss_s: 5.162101173400879
iteration: 8990 loss: 15.306690883636474 loss_l: 4.886058807373047 loss_m: 5.184934282302857 loss_s: 5.235697555541992
iteration: 9000 loss: 15.093489074707032 loss_l: 4.7971413135528564 loss_m: 5.110626268386841 loss_s: 5.185721588134766
eval start!

################################################################
what           :             AP           AP50           AP25
################################################################
building       :          0.321          0.442          0.475
fence          :          0.072          0.117          0.132
pole           :          0.161          0.332          0.430
traffic light  :          0.048          0.114          0.144
traffic sign   :          0.192          0.317          0.333
vegetation     :          0.524          0.621          0.634
person         :          0.190          0.298          0.304
rider          :          0.002          0.002          0.002
car            :          0.386          0.597          0.636
truck          :          0.068          0.103          0.107
bus            :          0.008          0.008          0.008
train          :          0.000          0.000          0.000
motorcycle     :          0.001          0.001          0.001
bicycle        :          0.034          0.086          0.086
----------------------------------------------------------------
average        :          0.143          0.217          0.235
BEST ITER: 7100


eval start!

################################################################
what           :             AP           AP50           AP25
################################################################
construction+sky:          0.702          0.777          0.791
object         :          0.014          0.026          0.030
nature         :          0.321          0.468          0.504
human          :          0.292          0.651          0.743
vehicle        :          0.549          0.775          0.829
----------------------------------------------------------------
average        :          0.376          0.539          0.579

iteration: 9010 loss: 15.136976623535157 loss_l: 4.826187610626221 loss_m: 5.122727298736573 loss_s: 5.188061904907227
iteration: 9020 loss: 15.248161029815673 loss_l: 4.8775163173675535 loss_m: 5.13764500617981 loss_s: 5.232999658584594
iteration: 9030 loss: 15.08449583053589 loss_l: 4.818340301513672 loss_m: 5.0957114696502686 loss_s: 5.170443820953369
iteration: 9040 loss: 15.21549940109253 loss_l: 4.8711998462677 loss_m: 5.145434141159058 loss_s: 5.19886531829834
iteration: 9050 loss: 15.163796138763427 loss_l: 4.828249597549439 loss_m: 5.1149876594543455 loss_s: 5.220558738708496
iteration: 9060 loss: 15.19593162536621 loss_l: 4.840392780303955 loss_m: 5.150492334365845 loss_s: 5.205046606063843
iteration: 9070 loss: 15.266990089416504 loss_l: 4.864734888076782 loss_m: 5.161626243591309 loss_s: 5.240628910064697
iteration: 9080 loss: 15.057102680206299 loss_l: 4.82575626373291 loss_m: 5.061271047592163 loss_s: 5.170075798034668
iteration: 9090 loss: 15.051041221618652 loss_l: 4.82309856414795 loss_m: 5.0660693645477295 loss_s: 5.161873245239258
iteration: 9100 loss: 15.129800033569335 loss_l: 4.805403184890747 loss_m: 5.122692012786866 loss_s: 5.201704692840576
eval start!

################################################################
what           :             AP           AP50           AP25
################################################################
building       :          0.308          0.423          0.454
fence          :          0.069          0.116          0.132
pole           :          0.164          0.338          0.441
traffic light  :          0.058          0.138          0.173
traffic sign   :          0.197          0.313          0.328
vegetation     :          0.513          0.599          0.611
person         :          0.234          0.392          0.400
rider          :          0.002          0.002          0.002
car            :          0.390          0.599          0.637
truck          :          0.067          0.102          0.106
bus            :          0.008          0.009          0.009
train          :          0.000          0.000          0.000
motorcycle     :          0.001          0.001          0.001
bicycle        :          0.039          0.106          0.106
----------------------------------------------------------------
average        :          0.146          0.224          0.243
BEST ITER: 7100


eval start!

################################################################
what           :             AP           AP50           AP25
################################################################
construction+sky:          0.705          0.789          0.806
object         :          0.014          0.026          0.030
nature         :          0.349          0.511          0.549
human          :          0.292          0.656          0.743
vehicle        :          0.534          0.759          0.813
----------------------------------------------------------------
average        :          0.379          0.548          0.588

iteration: 9110 loss: 15.116162014007568 loss_l: 4.798717927932739 loss_m: 5.101613140106201 loss_s: 5.215830707550049
iteration: 9120 loss: 15.185311412811279 loss_l: 4.878509569168091 loss_m: 5.125053596496582 loss_s: 5.181748008728027
iteration: 9130 loss: 15.141477108001709 loss_l: 4.851837253570556 loss_m: 5.108766412734985 loss_s: 5.180873584747315
iteration: 9140 loss: 15.234764003753662 loss_l: 4.842587280273437 loss_m: 5.140204954147339 loss_s: 5.251971244812012
iteration: 9150 loss: 15.185436058044434 loss_l: 4.8623839855194095 loss_m: 5.1189351081848145 loss_s: 5.204116678237915
iteration: 9160 loss: 15.162824630737305 loss_l: 4.845569229125976 loss_m: 5.129174423217774 loss_s: 5.188081121444702
iteration: 9170 loss: 15.09211254119873 loss_l: 4.843657350540161 loss_m: 5.076967191696167 loss_s: 5.17148790359497
iteration: 9180 loss: 15.283528900146484 loss_l: 4.877559995651245 loss_m: 5.162504005432129 loss_s: 5.243465280532837
iteration: 9190 loss: 15.054398727416991 loss_l: 4.826635646820068 loss_m: 5.074697113037109 loss_s: 5.1530656814575195
iteration: 9200 loss: 15.35640869140625 loss_l: 4.935297918319702 loss_m: 5.1857147216796875 loss_s: 5.235395908355713
eval start!

################################################################
what           :             AP           AP50           AP25
################################################################
building       :          0.294          0.399          0.428
fence          :          0.067          0.108          0.124
pole           :          0.170          0.334          0.404
traffic light  :          0.044          0.103          0.132
traffic sign   :          0.189          0.300          0.315
vegetation     :          0.509          0.587          0.596
person         :          0.208          0.339          0.345
rider          :          0.002          0.002          0.002
car            :          0.366          0.542          0.574
truck          :          0.058          0.091          0.094
bus            :          0.008          0.008          0.008
train          :          0.000          0.000          0.000
motorcycle     :          0.001          0.001          0.001
bicycle        :          0.039          0.101          0.101
----------------------------------------------------------------
average        :          0.140          0.208          0.223
BEST ITER: 7100


eval start!

################################################################
what           :             AP           AP50           AP25
################################################################
construction+sky:          0.707          0.781          0.796
object         :          0.014          0.025          0.030
nature         :          0.331          0.484          0.521
human          :          0.301          0.672          0.767
vehicle        :          0.541          0.765          0.818
----------------------------------------------------------------
average        :          0.379          0.545          0.586

iteration: 9210 loss: 15.154507827758788 loss_l: 4.800816583633423 loss_m: 5.137618684768677 loss_s: 5.216072082519531
iteration: 9220 loss: 15.159339046478271 loss_l: 4.842514610290527 loss_m: 5.1216834545135494 loss_s: 5.1951408863067625
iteration: 9230 loss: 15.11329755783081 loss_l: 4.842203140258789 loss_m: 5.1023694515228275 loss_s: 5.168724870681762
iteration: 9240 loss: 15.19401216506958 loss_l: 4.857780504226684 loss_m: 5.128208780288697 loss_s: 5.208022975921631
iteration: 9250 loss: 15.152283763885498 loss_l: 4.843019485473633 loss_m: 5.125823640823365 loss_s: 5.183441209793091
iteration: 9260 loss: 15.150004863739014 loss_l: 4.839720964431763 loss_m: 5.120958852767944 loss_s: 5.189324903488159
iteration: 9270 loss: 15.133359146118163 loss_l: 4.833057689666748 loss_m: 5.110325574874878 loss_s: 5.189975929260254
iteration: 9280 loss: 15.100729656219482 loss_l: 4.826346063613892 loss_m: 5.093483877182007 loss_s: 5.180899572372437
iteration: 9290 loss: 15.14153175354004 loss_l: 4.853130292892456 loss_m: 5.113996315002441 loss_s: 5.174405145645141
iteration: 9300 loss: 15.124781608581543 loss_l: 4.834524488449096 loss_m: 5.103764009475708 loss_s: 5.186492872238159
eval start!

################################################################
what           :             AP           AP50           AP25
################################################################
building       :          0.312          0.428          0.460
fence          :          0.064          0.102          0.116
pole           :          0.150          0.301          0.386
traffic light  :          0.054          0.124          0.155
traffic sign   :          0.182          0.298          0.311
vegetation     :          0.516          0.614          0.628
person         :          0.227          0.381          0.388
rider          :          0.002          0.002          0.002
car            :          0.370          0.565          0.600
truck          :          0.062          0.093          0.096
bus            :          0.008          0.008          0.008
train          :          0.000          0.000          0.000
motorcycle     :          0.001          0.001          0.001
bicycle        :          0.019          0.046          0.046
----------------------------------------------------------------
average        :          0.141          0.212          0.228
BEST ITER: 7100


eval start!

################################################################
what           :             AP           AP50           AP25
################################################################
construction+sky:          0.702          0.779          0.794
object         :          0.013          0.022          0.026
nature         :          0.327          0.475          0.511
human          :          0.286          0.646          0.740
vehicle        :          0.550          0.777          0.829
----------------------------------------------------------------
average        :          0.375          0.540          0.580

iteration: 9310 loss: 15.174231624603271 loss_l: 4.846670150756836 loss_m: 5.1341493129730225 loss_s: 5.193412256240845
iteration: 9320 loss: 15.08697338104248 loss_l: 4.832880163192749 loss_m: 5.092618942260742 loss_s: 5.161474275588989
iteration: 9330 loss: 15.19641056060791 loss_l: 4.836171627044678 loss_m: 5.135881090164185 loss_s: 5.224357557296753
iteration: 9340 loss: 15.241432189941406 loss_l: 4.863200950622558 loss_m: 5.154288864135742 loss_s: 5.22394208908081
iteration: 9350 loss: 15.238549041748048 loss_l: 4.866405868530274 loss_m: 5.164329290390015 loss_s: 5.207814025878906
iteration: 9360 loss: 15.138339519500732 loss_l: 4.832706642150879 loss_m: 5.112083864212036 loss_s: 5.193549489974975
iteration: 9370 loss: 15.205682754516602 loss_l: 4.872353267669678 loss_m: 5.1278644561767575 loss_s: 5.205465507507324
iteration: 9380 loss: 15.080096435546874 loss_l: 4.809379529953003 loss_m: 5.098133945465088 loss_s: 5.172582578659058
iteration: 9390 loss: 15.08820037841797 loss_l: 4.831395626068115 loss_m: 5.101693820953369 loss_s: 5.1551107406616214
iteration: 9400 loss: 15.065261173248292 loss_l: 4.814033842086792 loss_m: 5.092894220352173 loss_s: 5.158333444595337
eval start!

################################################################
what           :             AP           AP50           AP25
################################################################
building       :          0.311          0.426          0.458
fence          :          0.061          0.098          0.111
pole           :          0.148          0.302          0.391
traffic light  :          0.040          0.092          0.116
traffic sign   :          0.190          0.314          0.330
vegetation     :          0.521          0.615          0.629
person         :          0.230          0.384          0.394
rider          :          0.002          0.002          0.002
car            :          0.394          0.608          0.649
truck          :          0.074          0.113          0.116
bus            :          0.008          0.008          0.008
train          :          0.000          0.000          0.000
motorcycle     :          0.001          0.001          0.001
bicycle        :          0.039          0.107          0.107
----------------------------------------------------------------
average        :          0.144          0.219          0.237
BEST ITER: 7100


eval start!

################################################################
what           :             AP           AP50           AP25
################################################################
construction+sky:          0.708          0.782          0.797
object         :          0.012          0.022          0.025
nature         :          0.326          0.475          0.512
human          :          0.306          0.671          0.762
vehicle        :          0.560          0.784          0.837
----------------------------------------------------------------
average        :          0.382          0.547          0.587

iteration: 9410 loss: 15.125357532501221 loss_l: 4.820493984222412 loss_m: 5.10276312828064 loss_s: 5.2021002769470215
iteration: 9420 loss: 15.100687026977539 loss_l: 4.832870388031006 loss_m: 5.104186344146728 loss_s: 5.163630485534668
iteration: 9430 loss: 14.96659746170044 loss_l: 4.775493431091308 loss_m: 5.062298154830932 loss_s: 5.12880573272705
iteration: 9440 loss: 15.111157894134521 loss_l: 4.798329639434814 loss_m: 5.104068803787231 loss_s: 5.208759546279907
iteration: 9450 loss: 15.040198802947998 loss_l: 4.801678895950317 loss_m: 5.081790828704834 loss_s: 5.156729507446289
iteration: 9460 loss: 15.169411659240723 loss_l: 4.857605934143066 loss_m: 5.119198846817016 loss_s: 5.192607116699219
iteration: 9470 loss: 15.306987953186034 loss_l: 4.895877122879028 loss_m: 5.16406135559082 loss_s: 5.247049570083618
iteration: 9480 loss: 15.029980564117432 loss_l: 4.769042873382569 loss_m: 5.1078935146331785 loss_s: 5.153044319152832
iteration: 9490 loss: 15.173854446411132 loss_l: 4.8400829315185545 loss_m: 5.137750577926636 loss_s: 5.196020603179932
iteration: 9500 loss: 15.291698360443116 loss_l: 4.882630252838135 loss_m: 5.161438131332398 loss_s: 5.247629833221436
eval start!

################################################################
what           :             AP           AP50           AP25
################################################################
building       :          0.318          0.436          0.468
fence          :          0.068          0.111          0.125
pole           :          0.164          0.334          0.429
traffic light  :          0.052          0.119          0.141
traffic sign   :          0.163          0.283          0.301
vegetation     :          0.524          0.629          0.646
person         :          0.213          0.346          0.353
rider          :          0.002          0.002          0.002
car            :          0.375          0.557          0.587
truck          :          0.058          0.091          0.094
bus            :          0.008          0.008          0.008
train          :          0.000          0.000          0.000
motorcycle     :          0.001          0.001          0.001
bicycle        :          0.060          0.188          0.200
----------------------------------------------------------------
average        :          0.143          0.222          0.240
BEST ITER: 7100


eval start!

################################################################
what           :             AP           AP50           AP25
################################################################
construction+sky:          0.703          0.779          0.795
object         :          0.013          0.023          0.027
nature         :          0.333          0.482          0.519
human          :          0.289          0.648          0.743
vehicle        :          0.529          0.749          0.801
----------------------------------------------------------------
average        :          0.373          0.536          0.577

iteration: 9510 loss: 15.130951309204102 loss_l: 4.835522556304932 loss_m: 5.1044745445251465 loss_s: 5.190953922271729
iteration: 9520 loss: 15.052507686614991 loss_l: 4.802585029602051 loss_m: 5.071221828460693 loss_s: 5.17870078086853
iteration: 9530 loss: 15.27207260131836 loss_l: 4.875402593612671 loss_m: 5.149383783340454 loss_s: 5.24728627204895
iteration: 9540 loss: 15.11725435256958 loss_l: 4.8442991256713865 loss_m: 5.091283559799194 loss_s: 5.181671524047852
iteration: 9550 loss: 15.119094753265381 loss_l: 4.845710897445679 loss_m: 5.0950507640838625 loss_s: 5.178332757949829
iteration: 9560 loss: 15.18600492477417 loss_l: 4.829596090316772 loss_m: 5.1555088520050045 loss_s: 5.200899839401245
iteration: 9570 loss: 15.107092380523682 loss_l: 4.8215357780456545 loss_m: 5.0994298458099365 loss_s: 5.186127090454102
iteration: 9580 loss: 15.202975082397462 loss_l: 4.8529363632202145 loss_m: 5.136325407028198 loss_s: 5.213713216781616
iteration: 9590 loss: 15.079080772399902 loss_l: 4.811125612258911 loss_m: 5.105278444290161 loss_s: 5.162676763534546
iteration: 9600 loss: 15.076258945465089 loss_l: 4.833846855163574 loss_m: 5.071080923080444 loss_s: 5.171331453323364
eval start!

################################################################
what           :             AP           AP50           AP25
################################################################
building       :          0.307          0.419          0.451
fence          :          0.069          0.112          0.129
pole           :          0.153          0.303          0.376
traffic light  :          0.046          0.103          0.131
traffic sign   :          0.196          0.318          0.332
vegetation     :          0.521          0.611          0.623
person         :          0.217          0.355          0.362
rider          :          0.002          0.002          0.002
car            :          0.378          0.580          0.617
truck          :          0.065          0.103          0.106
bus            :          0.008          0.008          0.008
train          :          0.000          0.000          0.000
motorcycle     :          0.001          0.001          0.001
bicycle        :          0.056          0.153          0.159
----------------------------------------------------------------
average        :          0.144          0.219          0.235
BEST ITER: 7100


eval start!

################################################################
what           :             AP           AP50           AP25
################################################################
construction+sky:          0.710          0.785          0.800
object         :          0.014          0.026          0.030
nature         :          0.322          0.471          0.507
human          :          0.301          0.668          0.767
vehicle        :          0.553          0.783          0.836
----------------------------------------------------------------
average        :          0.380          0.547          0.588

iteration: 9610 loss: 15.202260780334473 loss_l: 4.863727664947509 loss_m: 5.127883768081665 loss_s: 5.210649204254151
iteration: 9620 loss: 15.131745529174804 loss_l: 4.855543804168701 loss_m: 5.108514261245728 loss_s: 5.167687463760376
iteration: 9630 loss: 15.154909801483154 loss_l: 4.83010835647583 loss_m: 5.118704223632813 loss_s: 5.2060973167419435
iteration: 9640 loss: 15.17996883392334 loss_l: 4.855096387863159 loss_m: 5.126277828216553 loss_s: 5.198594808578491
iteration: 9650 loss: 15.160554790496827 loss_l: 4.833224105834961 loss_m: 5.129697322845459 loss_s: 5.197633123397827
iteration: 9660 loss: 15.216679573059082 loss_l: 4.881521511077881 loss_m: 5.13488278388977 loss_s: 5.200275135040283
iteration: 9670 loss: 15.249154376983643 loss_l: 4.875583648681641 loss_m: 5.144201564788818 loss_s: 5.229369115829468
iteration: 9680 loss: 15.215583896636963 loss_l: 4.844037008285523 loss_m: 5.14823808670044 loss_s: 5.223308753967285
iteration: 9690 loss: 15.13745059967041 loss_l: 4.874396228790284 loss_m: 5.102257871627808 loss_s: 5.160796403884888
iteration: 9700 loss: 15.2553786277771 loss_l: 4.86993932723999 loss_m: 5.1510051727294925 loss_s: 5.2344340801239015
eval start!

################################################################
what           :             AP           AP50           AP25
################################################################
building       :          0.302          0.413          0.443
fence          :          0.071          0.117          0.134
pole           :          0.160          0.320          0.403
traffic light  :          0.050          0.112          0.140
traffic sign   :          0.195          0.315          0.329
vegetation     :          0.518          0.609          0.621
person         :          0.204          0.323          0.331
rider          :          0.002          0.002          0.002
car            :          0.393          0.594          0.628
truck          :          0.063          0.099          0.102
bus            :          0.008          0.008          0.008
train          :          0.000          0.000          0.000
motorcycle     :          0.001          0.002          0.002
bicycle        :          0.046          0.133          0.138
----------------------------------------------------------------
average        :          0.144          0.218          0.234
BEST ITER: 7100


eval start!

################################################################
what           :             AP           AP50           AP25
################################################################
construction+sky:          0.702          0.781          0.797
object         :          0.012          0.020          0.023
nature         :          0.322          0.468          0.504
human          :          0.308          0.684          0.783
vehicle        :          0.561          0.788          0.843
----------------------------------------------------------------
average        :          0.381          0.548          0.590

iteration: 9710 loss: 15.071553134918213 loss_l: 4.795538854598999 loss_m: 5.091920661926269 loss_s: 5.184093570709228
iteration: 9720 loss: 15.230321788787842 loss_l: 4.867248821258545 loss_m: 5.144974613189698 loss_s: 5.218098211288452
iteration: 9730 loss: 15.396310234069825 loss_l: 4.92548680305481 loss_m: 5.210031366348266 loss_s: 5.260791969299317
iteration: 9740 loss: 14.991574668884278 loss_l: 4.777526044845581 loss_m: 5.084914112091065 loss_s: 5.129134559631348
iteration: 9750 loss: 15.031772899627686 loss_l: 4.806263637542725 loss_m: 5.078713274002075 loss_s: 5.146796417236328
iteration: 9760 loss: 15.169411277770996 loss_l: 4.847490024566651 loss_m: 5.110747194290161 loss_s: 5.2111741065979
iteration: 9770 loss: 15.192592811584472 loss_l: 4.851587533950806 loss_m: 5.138440036773682 loss_s: 5.202565431594849
iteration: 9780 loss: 14.98560619354248 loss_l: 4.78691668510437 loss_m: 5.056653451919556 loss_s: 5.142036390304566
iteration: 9790 loss: 15.098429298400879 loss_l: 4.819205570220947 loss_m: 5.1087682247161865 loss_s: 5.170455646514893
iteration: 9800 loss: 15.272399616241454 loss_l: 4.868508005142212 loss_m: 5.163412857055664 loss_s: 5.24047884941101
eval start!

################################################################
what           :             AP           AP50           AP25
################################################################
building       :          0.312          0.428          0.461
fence          :          0.067          0.110          0.126
pole           :          0.156          0.312          0.391
traffic light  :          0.041          0.101          0.129
traffic sign   :          0.189          0.306          0.319
vegetation     :          0.520          0.615          0.629
person         :          0.225          0.370          0.378
rider          :          0.002          0.002          0.002
car            :          0.370          0.554          0.586
truck          :          0.060          0.096          0.098
bus            :          0.008          0.008          0.008
train          :          0.000          0.000          0.000
motorcycle     :          0.001          0.001          0.001
bicycle        :          0.058          0.173          0.173
----------------------------------------------------------------
average        :          0.144          0.220          0.236
BEST ITER: 7100


eval start!

################################################################
what           :             AP           AP50           AP25
################################################################
construction+sky:          0.701          0.770          0.783
object         :          0.012          0.022          0.026
nature         :          0.331          0.484          0.521
human          :          0.302          0.679          0.778
vehicle        :          0.541          0.762          0.814
----------------------------------------------------------------
average        :          0.377          0.544          0.584

iteration: 9810 loss: 15.17444953918457 loss_l: 4.866099500656128 loss_m: 5.120818376541138 loss_s: 5.187531852722168
iteration: 9820 loss: 15.096674919128418 loss_l: 4.840603256225586 loss_m: 5.08397331237793 loss_s: 5.17209825515747
iteration: 9830 loss: 15.24295778274536 loss_l: 4.875287771224976 loss_m: 5.147341680526734 loss_s: 5.220328712463379
iteration: 9840 loss: 15.068907642364502 loss_l: 4.8058984756469725 loss_m: 5.096040868759156 loss_s: 5.166968441009521
iteration: 9850 loss: 15.233498477935791 loss_l: 4.90014500617981 loss_m: 5.12330379486084 loss_s: 5.210049343109131
iteration: 9860 loss: 15.01410722732544 loss_l: 4.796002340316773 loss_m: 5.072362613677979 loss_s: 5.145741891860962
iteration: 9870 loss: 15.117787647247315 loss_l: 4.821749544143676 loss_m: 5.099157285690308 loss_s: 5.196880769729614
iteration: 9880 loss: 15.133941459655762 loss_l: 4.827231216430664 loss_m: 5.109088373184204 loss_s: 5.197622060775757
iteration: 9890 loss: 15.111214923858643 loss_l: 4.819113302230835 loss_m: 5.120452499389648 loss_s: 5.1716491222381595
iteration: 9900 loss: 15.066641902923584 loss_l: 4.822400188446045 loss_m: 5.0880838394165036 loss_s: 5.156157922744751
eval start!

################################################################
what           :             AP           AP50           AP25
################################################################
building       :          0.303          0.414          0.445
fence          :          0.070          0.114          0.131
pole           :          0.152          0.303          0.387
traffic light  :          0.052          0.119          0.145
traffic sign   :          0.195          0.318          0.335
vegetation     :          0.515          0.606          0.619
person         :          0.242          0.412          0.420
rider          :          0.002          0.002          0.002
car            :          0.399          0.607          0.642
truck          :          0.070          0.109          0.113
bus            :          0.008          0.008          0.008
train          :          0.000          0.000          0.000
motorcycle     :          0.001          0.001          0.001
bicycle        :          0.053          0.153          0.153
----------------------------------------------------------------
average        :          0.147          0.226          0.243
BEST ITER: 9900


eval start!

################################################################
what           :             AP           AP50           AP25
################################################################
construction+sky:          0.702          0.781          0.796
object         :          0.013          0.024          0.028
nature         :          0.351          0.514          0.551
human          :          0.294          0.670          0.772
vehicle        :          0.535          0.758          0.812
----------------------------------------------------------------
average        :          0.379          0.549          0.592

iteration: 9910 loss: 15.295936584472656 loss_l: 4.908177614212036 loss_m: 5.167629718780518 loss_s: 5.2201292514801025
iteration: 9920 loss: 15.006755352020264 loss_l: 4.8047770977020265 loss_m: 5.071722459793091 loss_s: 5.130255842208863
iteration: 9930 loss: 15.12171392440796 loss_l: 4.825112676620483 loss_m: 5.112975406646728 loss_s: 5.183625936508179
iteration: 9940 loss: 15.173133182525635 loss_l: 4.829887247085571 loss_m: 5.113279390335083 loss_s: 5.229966306686402
iteration: 9950 loss: 15.134790802001953 loss_l: 4.830858325958252 loss_m: 5.130991697311401 loss_s: 5.172941017150879
iteration: 9960 loss: 15.0500919342041 loss_l: 4.78558349609375 loss_m: 5.106741189956665 loss_s: 5.157767248153687
iteration: 9970 loss: 15.058364963531494 loss_l: 4.792900228500367 loss_m: 5.08151650428772 loss_s: 5.18394832611084
iteration: 9980 loss: 15.256738090515137 loss_l: 4.87545862197876 loss_m: 5.162301063537598 loss_s: 5.218978309631348
iteration: 9990 loss: 15.166395664215088 loss_l: 4.833248853683472 loss_m: 5.1346642017364506 loss_s: 5.198482704162598
iteration: 10000 loss: 15.071000099182129 loss_l: 4.8040345191955565 loss_m: 5.105403661727905 loss_s: 5.161561775207519
eval start!

################################################################
what           :             AP           AP50           AP25
################################################################
building       :          0.296          0.400          0.429
fence          :          0.065          0.104          0.121
pole           :          0.141          0.281          0.371
traffic light  :          0.058          0.130          0.164
traffic sign   :          0.199          0.324          0.338
vegetation     :          0.512          0.598          0.609
person         :          0.231          0.384          0.392
rider          :          0.002          0.002          0.002
car            :          0.377          0.546          0.574
truck          :          0.059          0.098          0.102
bus            :          0.008          0.008          0.008
train          :          0.000          0.000          0.000
motorcycle     :          0.001          0.001          0.001
bicycle        :          0.040          0.117          0.117
----------------------------------------------------------------
average        :          0.142          0.214          0.231
BEST ITER: 9900


eval start!

################################################################
what           :             AP           AP50           AP25
################################################################
construction+sky:          0.701          0.776          0.790
object         :          0.012          0.020          0.023
nature         :          0.318          0.460          0.494
human          :          0.307          0.680          0.775
vehicle        :          0.550          0.773          0.826
----------------------------------------------------------------
average        :          0.378          0.542          0.582

iteration: 10010 loss: 15.179744148254395 loss_l: 4.850047302246094 loss_m: 5.13077392578125 loss_s: 5.198922920227051
iteration: 10020 loss: 15.065246677398681 loss_l: 4.8197191715240475 loss_m: 5.072200632095337 loss_s: 5.173326826095581
iteration: 10030 loss: 15.09473695755005 loss_l: 4.803446865081787 loss_m: 5.11636004447937 loss_s: 5.174930095672607
iteration: 10040 loss: 15.200203895568848 loss_l: 4.861129474639893 loss_m: 5.123114681243896 loss_s: 5.215960121154785
iteration: 10050 loss: 15.156344509124756 loss_l: 4.856336069107056 loss_m: 5.11721978187561 loss_s: 5.18278865814209
iteration: 10060 loss: 15.139950370788574 loss_l: 4.847712278366089 loss_m: 5.125066137313842 loss_s: 5.167172193527222
iteration: 10070 loss: 15.015320682525635 loss_l: 4.782675313949585 loss_m: 5.073226356506348 loss_s: 5.159419155120849
iteration: 10080 loss: 15.144628429412842 loss_l: 4.829085826873779 loss_m: 5.119318294525146 loss_s: 5.196224164962769
iteration: 10090 loss: 15.149616622924805 loss_l: 4.859950590133667 loss_m: 5.125116062164307 loss_s: 5.164549684524536
iteration: 10100 loss: 15.13394603729248 loss_l: 4.859309196472168 loss_m: 5.093391561508179 loss_s: 5.18124532699585
eval start!

################################################################
what           :             AP           AP50           AP25
################################################################
building       :          0.298          0.404          0.435
fence          :          0.062          0.099          0.114
pole           :          0.156          0.312          0.397
traffic light  :          0.050          0.114          0.145
traffic sign   :          0.160          0.264          0.277
vegetation     :          0.511          0.594          0.605
person         :          0.210          0.343          0.349
rider          :          0.002          0.002          0.002
car            :          0.404          0.604          0.636
truck          :          0.068          0.108          0.111
bus            :          0.008          0.008          0.008
train          :          0.000          0.000          0.000
motorcycle     :          0.001          0.001          0.001
bicycle        :          0.059          0.179          0.179
----------------------------------------------------------------
average        :          0.142          0.217          0.233
BEST ITER: 9900


eval start!

################################################################
what           :             AP           AP50           AP25
################################################################
construction+sky:          0.703          0.792          0.811
object         :          0.012          0.020          0.023
nature         :          0.352          0.515          0.553
human          :          0.302          0.683          0.785
vehicle        :          0.553          0.776          0.829
----------------------------------------------------------------
average        :          0.384          0.557          0.600

iteration: 10110 loss: 15.29242753982544 loss_l: 4.8938727378845215 loss_m: 5.168448734283447 loss_s: 5.230105876922607
iteration: 10120 loss: 15.093698310852051 loss_l: 4.839119815826416 loss_m: 5.109428596496582 loss_s: 5.1451500415802
iteration: 10130 loss: 15.142704296112061 loss_l: 4.836882400512695 loss_m: 5.10363540649414 loss_s: 5.202186870574951
iteration: 10140 loss: 15.280708980560302 loss_l: 4.890191602706909 loss_m: 5.166551542282105 loss_s: 5.2239659309387205
iteration: 10150 loss: 15.063406181335449 loss_l: 4.785915756225586 loss_m: 5.098589897155762 loss_s: 5.178900241851807
iteration: 10160 loss: 15.094223785400391 loss_l: 4.841123580932617 loss_m: 5.094392108917236 loss_s: 5.158708000183106
iteration: 10170 loss: 15.027883052825928 loss_l: 4.797679376602173 loss_m: 5.069775581359863 loss_s: 5.160428142547607
iteration: 10180 loss: 15.14400053024292 loss_l: 4.812106370925903 loss_m: 5.128171682357788 loss_s: 5.20372257232666
iteration: 10190 loss: 15.116773796081542 loss_l: 4.81981258392334 loss_m: 5.1237664222717285 loss_s: 5.1731945991516115
iteration: 10200 loss: 15.024874877929687 loss_l: 4.796852970123291 loss_m: 5.066827583312988 loss_s: 5.1611940383911135
eval start!

################################################################
what           :             AP           AP50           AP25
################################################################
building       :          0.316          0.434          0.465
fence          :          0.065          0.108          0.123
pole           :          0.151          0.308          0.407
traffic light  :          0.061          0.134          0.172
traffic sign   :          0.141          0.238          0.254
vegetation     :          0.516          0.602          0.614
person         :          0.222          0.371          0.380
rider          :          0.002          0.002          0.002
car            :          0.392          0.593          0.628
truck          :          0.069          0.110          0.114
bus            :          0.008          0.008          0.008
train          :          0.000          0.000          0.000
motorcycle     :          0.001          0.001          0.001
bicycle        :          0.041          0.125          0.131
----------------------------------------------------------------
average        :          0.142          0.217          0.236
BEST ITER: 9900


eval start!

################################################################
what           :             AP           AP50           AP25
################################################################
construction+sky:          0.698          0.778          0.793
object         :          0.014          0.027          0.032
nature         :          0.331          0.473          0.506
human          :          0.290          0.649          0.743
vehicle        :          0.518          0.735          0.788
----------------------------------------------------------------
average        :          0.370          0.532          0.573

iteration: 10210 loss: 15.167572212219238 loss_l: 4.843513441085816 loss_m: 5.134513568878174 loss_s: 5.189545297622681
iteration: 10220 loss: 15.041758060455322 loss_l: 4.774954843521118 loss_m: 5.095184850692749 loss_s: 5.1716179847717285
iteration: 10230 loss: 15.060907077789306 loss_l: 4.800523710250855 loss_m: 5.10068678855896 loss_s: 5.159696340560913
iteration: 10240 loss: 15.133514499664306 loss_l: 4.846255779266357 loss_m: 5.111997365951538 loss_s: 5.1752612590789795
iteration: 10250 loss: 15.003032684326172 loss_l: 4.768575143814087 loss_m: 5.086582088470459 loss_s: 5.14787540435791
iteration: 10260 loss: 15.232706069946289 loss_l: 4.8808262825012205 loss_m: 5.147392702102661 loss_s: 5.204486894607544
iteration: 10270 loss: 15.067801761627198 loss_l: 4.807432174682617 loss_m: 5.08834753036499 loss_s: 5.1720222473144535
iteration: 10280 loss: 15.075478458404541 loss_l: 4.8173840045928955 loss_m: 5.115776586532593 loss_s: 5.1423179626464846
iteration: 10290 loss: 15.158487033843993 loss_l: 4.8702599048614506 loss_m: 5.1018823146820065 loss_s: 5.1863446712493895
iteration: 10300 loss: 15.125559425354004 loss_l: 4.8336193561553955 loss_m: 5.112930202484131 loss_s: 5.179009866714478
eval start!

################################################################
what           :             AP           AP50           AP25
################################################################
building       :          0.316          0.434          0.466
fence          :          0.068          0.114          0.133
pole           :          0.151          0.315          0.416
traffic light  :          0.058          0.137          0.177
traffic sign   :          0.203          0.344          0.363
vegetation     :          0.521          0.622          0.637
person         :          0.227          0.377          0.386
rider          :          0.002          0.002          0.002
car            :          0.398          0.601          0.637
truck          :          0.069          0.107          0.111
bus            :          0.008          0.008          0.008
train          :          0.000          0.000          0.000
motorcycle     :          0.001          0.001          0.001
bicycle        :          0.040          0.133          0.138
----------------------------------------------------------------
average        :          0.147          0.228          0.248
BEST ITER: 9900


eval start!

################################################################
what           :             AP           AP50           AP25
################################################################
construction+sky:          0.710          0.784          0.799
object         :          0.014          0.025          0.029
nature         :          0.331          0.483          0.520
human          :          0.290          0.639          0.730
vehicle        :          0.542          0.764          0.819
----------------------------------------------------------------
average        :          0.377          0.539          0.579

iteration: 10310 loss: 15.144941234588623 loss_l: 4.838548088073731 loss_m: 5.131643056869507 loss_s: 5.174750137329101
iteration: 10320 loss: 15.087940788269043 loss_l: 4.827421092987061 loss_m: 5.087900114059448 loss_s: 5.172619342803955
iteration: 10330 loss: 15.104395961761474 loss_l: 4.806753492355346 loss_m: 5.116757869720459 loss_s: 5.180884456634521
iteration: 10340 loss: 15.044202995300292 loss_l: 4.790766477584839 loss_m: 5.091623115539551 loss_s: 5.161813592910766
iteration: 10350 loss: 15.050821113586426 loss_l: 4.7905253887176515 loss_m: 5.0878513813018795 loss_s: 5.172444248199463
iteration: 10360 loss: 15.157912540435792 loss_l: 4.877421760559082 loss_m: 5.108365297317505 loss_s: 5.172125577926636
iteration: 10370 loss: 15.062082099914551 loss_l: 4.8048664093017575 loss_m: 5.080459308624268 loss_s: 5.176756858825684
iteration: 10380 loss: 15.122921180725097 loss_l: 4.832913875579834 loss_m: 5.106410312652588 loss_s: 5.183597278594971
iteration: 10390 loss: 15.167160892486573 loss_l: 4.856722211837768 loss_m: 5.120247888565063 loss_s: 5.190190649032592
iteration: 10400 loss: 15.076253032684326 loss_l: 4.817057704925537 loss_m: 5.095946455001831 loss_s: 5.163248872756958
eval start!

################################################################
what           :             AP           AP50           AP25
################################################################
building       :          0.307          0.420          0.452
fence          :          0.071          0.119          0.139
pole           :          0.154          0.315          0.400
traffic light  :          0.045          0.104          0.139
traffic sign   :          0.207          0.339          0.354
vegetation     :          0.525          0.618          0.632
person         :          0.224          0.370          0.378
rider          :          0.002          0.002          0.002
car            :          0.406          0.610          0.643
truck          :          0.073          0.115          0.119
bus            :          0.008          0.008          0.008
train          :          0.000          0.000          0.000
motorcycle     :          0.001          0.002          0.002
bicycle        :          0.044          0.127          0.127
----------------------------------------------------------------
average        :          0.148          0.225          0.242
BEST ITER: 10400


eval start!

################################################################
what           :             AP           AP50           AP25
################################################################
construction+sky:          0.703          0.788          0.804
object         :          0.011          0.019          0.021
nature         :          0.331          0.480          0.517
human          :          0.289          0.656          0.754
vehicle        :          0.577          0.813          0.868
----------------------------------------------------------------
average        :          0.382          0.551          0.593
